标题,价格,均价,房子大小,总面积,楼层,优点
标题,价格,均价,房子大小,总面积,楼层,优点
标题,价格,均价,房子大小,总面积,楼层,优点
标题,价格,均价,房子大小,总面积,楼层,优点
标题,价格,均价,房子大小,总面积,楼层,优点
标题,价格,均价,房子大小,总面积,楼层,优点
标题,价格,均价,房子大小,总面积,楼层,优点
标题,价格,均价,房子大小,总面积,楼层,优点
标题,价格,均价,房子大小,总面积,楼层,优点
标题,价格,均价,房子大小,总面积,楼层,优点
标题,价格,均价,房子大小,总面积,楼层,优点
标题,价格,均价,房子大小,总面积,楼层,优点
标题,价格,均价,房子大小,总面积,楼层,优点
标题,价格,均价,房子大小,总面积,楼层,优点
标题,价格,均价,房子大小,总面积,楼层,优点
标题,价格,均价,房子大小,总面积,楼层,优点
标题,价格,均价,房子大小,总面积,楼层,优点
标题,价格,均价,房子大小,总面积,楼层,优点
标题,价格,均价,房子大小,总面积,楼层,优点
标题,价格,均价,房子大小,总面积,楼层,优点
标题,价格,均价,房子大小,总面积,楼层,优点
标题,价格,均价,房子大小,总面积,楼层,优点
标题,价格,均价,房子大小,总面积,楼层,优点
标题,价格,均价,房子大小,总面积,楼层,优点
标题,价格,均价,房子大小,总面积,楼层,优点
标题,价格,均价,房子大小,总面积,楼层,优点
标题,价格,均价,房子大小,总面积,楼层,优点
再次降价 A4 东裕华庭 户型好的房源 两房两厅一卫 南北通,110,12292元/m²,2室2厅,89m²,中层(共29层),近地铁交通便利品质小区
11沿江景观房 直降30万 没有双税 纯东边套 全明招财户型,420,20041元/m²,5室2厅,209m²,高层(共32层),南北通透景观房位置安静
龙湖滟澜山（金沙湖地铁)龙湖天街 精装2房 月租金5千,188,31333元/m²,2室2厅,60m²,高层(共22层),近地铁配套成熟繁华地段
产证齐全丨车位丨月租金4000丨通天燃气丨外地人可以买,51,10851元/m²,2室2厅,47m²,中层(共6层),
"自住精装修,保养得很好,满2年,,诚心出售",270,32143元/m²,2室2厅,84m²,中层(共28层),近地铁南北通透
金沙居 云水地铁口 房东自住精装修 拎包入住 房东诚心出售,55,12222元/m²,1室1厅,45m²,中层(共18层),近地铁繁华地段品质小区
海天城新上好房 地铁云水站，纯东边套豪华装修 房东置换市区,380,23780元/m²,4室2厅,159m²,中层(共11层),近地铁南北通透品质小区
央企精装大四房，房东大吐血直降50万，一线江景，带露台。,350,21364元/m²,4室2厅,163m²,中层(共33层),
新上世茂广场 温馨两房 楼层中上 采光无敌 精装修保养佳 诚,135,13393元/m²,2室2厅,100m²,低层(共28层),南北通透近地铁交通便利
房东出售 盛泰名都中心小俩房 楼层 采光好 首付仅需13万,39,11800元/m²,2室2厅,33m²,低层(共18层),南北通透配套成熟环境优美
（担保房源）江景家园一区 房东上门急~售 精装15万 落地窗,145,25000元/m²,1室1厅,58m²,中层(共22层),配套成熟环境优美素质住户
景冉佳园 文海教育  客厅带阳台 楼层好 价格可谈,185,29468元/m²,2室2厅,62m²,高层(共32层),近地铁
大都文苑风情 精装跃层西边套带露台 文海教育  文泽地铁口！,308,30351元/m²,4室2厅,101m²,高层(共6层),近地铁近学校南北通透
头格江景家园 纯毛坯 全明户型 业主急售,160,27183元/m²,1室1厅,58m²,中层(共18层),近地铁交通便利品质小区
世茂江滨瑞景湾 豪装 东边套全明户型 江景视野 带车位江滨站,342,25341元/m²,4室2厅,134m²,中层(共33层),近地铁南北通透次新小区
开发商统一精装修，租金3000左右，业主诚心出售，价格可谈,78,18571元/m²,1室1厅,42m²,中层(共24层),小户型拎包入住
您的时间和经历奉献给了工作和家庭 剩下的交给我 全新装修,495,24557元/m²,4室2厅,201m²,低层(共38层),安全性高繁华地段品质小区
江语海五房，就读文海，小孩赢起点，南北通透，一线江景,620,27413元/m²,5室2厅,226m²,中层(共34层),近地铁南北通透繁华地段
保利东湾自住精装2房，靠近江景楼层好，房子税费少看房提前预约,165,28171元/m²,2室1厅,58m²,中层(共34层),南北通透
新出房源  观澜时代 跃层  精装修25万 看好价格谈,200,23705元/m²,2室2厅,84m²,低层(共43层),开放厨房大两房厅带阳台
业主挥泪急售丨只限一周丨无税豪华装住宅丨品质小区丨低于市场价,78,10541元/m²,2室2厅,74m²,中层(共18层),南北通透配套成熟品质小区
无需社保税单 地铁沿线住宅房 精装两居室全新家具 附赠车位,41.8,12667元/m²,2室2厅,33m²,中层(共8层),送车位近地铁配套成熟
地铁旁精装全配首付30万入驻杭州，外地人可买，对口学校配套好,96,24838元/m²,2室2厅,38m²,中层(共11层),近地铁配套成熟繁华地段
投姿必看！首付8万！月租5千！近地铁！全屋精装送家电！送车位,42,12000元/m²,2室2厅,35m²,中层(共10层),近地铁配套成熟品质小区
跃层 精装修  环境好 户型正 配套齐全  诚心出售,90,17703元/m²,2室2厅,50m²,低层(共22层),主卧朝南客厅朝南跃层式
包租4千，精装2房，复式6米，产证齐全，民用水电，送产权车位,50,11364元/m²,2室2厅,44m²,中层(共18层),送车位配套成熟繁华地段
观澜时代朗轩杭州东部湾随时看房诚心卖四房户型 满两年,325,23471元/m²,4室2厅,138m²,中层(共33层),南北通透
东郡之星 大两房，南北通透,160,23058元/m²,2室2厅,69m²,高层(共31层),主卧朝南采光好配套成熟
12沿江景观房 送自住精装 没有双税 低于市场30万 低总价,208,22289元/m²,2室2厅,93m²,高层(共35层),南北通透景观房位置安静
江语海 大五房三卫 三代同堂的选择 学位户口没占用 急售,615,27192元/m²,5室2厅,226m²,中层(共29层),近地铁配套成熟品质小区
来电抵3万！首付只需6万块可立马过户!可上学!,38,11515元/m²,1室1厅,33m²,中层(共19层),近地铁配套成熟环境优美
（刚登记）东郡国际经典大两房 刚需过渡优选 交通教育资源丰富,185,27190元/m²,2室2厅,68m²,中层(共32层),环境优美素质住户品质小区
"观澜202方一线江景房，钱塘江畔,毛坯户型正气,采光好带车位",390,19180元/m²,4室2厅,203m²,高层(共38层),南北通透环境优美品质小区
泰美国际 朝南直视金沙湖  楼层高 采光好  精装修  诚售,85,17932元/m²,1室1厅,47m²,中层(共22层),南北通透
锦湖家园新上房源|自住装修|拎包入住||诚心急售价能谈,165,25000元/m²,2室2厅,66m²,中层(共33层),近地铁配套成熟素质住户
"超低首付15万，产权70年，不限购，随时落户，可上学,地铁口",59,10351元/m²,2室2厅,57m²,中层(共21层),
诚售无税！近地铁，70年产权，豪华装送车位送25平，可落户,45,12748元/m²,2室2厅,35m²,中层(共21层),近地铁繁华地段品质小区
首付8万，圆梦杭州户口，近地铁，精装全配，产证清晰，拎包入住,46,10222元/m²,2室2厅,45m²,高层(共11层),近地铁配套成熟繁华地段
保利将江语海 房东诚心的价格可谈 南北通透,700,30950元/m²,5室2厅,226m²,中层(共29层),近地铁素质住户繁华地段
一线江景！房东急售！精装！有钥匙随时看房,200,29287元/m²,2室2厅,68m²,高层(共26层),近地铁配套成熟繁华地段
世茂广场  精装修   配套好  位置好  房东诚心出售,64,12144元/m²,1室1厅,52m²,高层(共28层),
真实！朗诗精装平层两房，学正教育，整齐户型，双开间朝南 随看,225,25767元/m²,2室2厅,87m²,低层(共31层),近地铁素质住户繁华地段
伊萨卡浩泽园一线江景中间楼层交通便利诚心出售随时看房！,215.8,24691元/m²,2室2厅,87m²,中层(共35层),近地铁拎包入住
价格真实 投姿不看 月租5千 精装修送车位 产证齐全 不限购,25,8929元/m²,2室2厅,28m²,中层(共21层),近地铁配套成熟交通便利
东盛家园 东边套 精装大4房 三房朝南带阳台 南北通透采光好,235,19583元/m²,4室2厅,120m²,中层(共18层),南北通透
外地人可买，70年产权住宅，精装修两房，南北通透可落户上学,66,11579元/m²,2室2厅,57m²,中层(共18层),近地铁南北通透配套成熟
房东请假从陕西来这边卖房子，精装20万两房，拎包入住，满二年,203,26735元/m²,2室2厅,75m²,低层(共34层),全南户型采光好房型正
首付5成.金沙湖壹号 loft公寓 4.8层高 出门就是地铁,130,30303元/m²,2室1厅,42m²,低层(共19层),近地铁南北通透
在建7号线地铁口 首付3成 可直接过户 南北通透 拎包入住,74,14800元/m²,2室2厅,50m²,中层(共19层),配套成熟繁华地段品质小区
中豪七格  年轻人聚集地 下沙银泰旁 精装跃层 朝南 采光好,95,22093元/m²,2室1厅,43m²,中层(共23层),南北通透交通便利繁华地段
"物美商圈，海天两房,满五微一,精装修,随时看房,房东诚售。",190,26996元/m²,2室2厅,70m²,中层(共20层),近地铁主卧朝南配套成熟
下沙金沙湖~1号线地铁~豪华装两房~70万急售~首付24万,53,11042元/m²,2室2厅,48m²,中层(共11层),南北通透环境优美品质小区
新上江景家园 精装两房朝南 拎包可住 业主急用钱看中价格可谈,150,25862元/m²,2室1厅,58m²,中层(共18层),南北通透
房东急用钱，家具家电全送，全明户型，拎包即住，配套齐全,58,9667元/m²,2室2厅,60m²,中层(共8层),近地铁配套成熟繁华地段
送产权车位 首付8万 产证清晰 送家具随时看房 拎包入住,25,10000元/m²,2室2厅,25m²,中层(共19层),配套成熟交通便利品质小区
江景家园！金沙湖板块！一室一厅小户型！带阳台！急售总价低！,155,26724元/m²,1室1厅,58m²,中层(共18层),南北通透繁华地段品质小区
龙湖滟澜山 二期优选小两房 总价低 诚心卖，看房方便,190,31683元/m²,2室1厅,59m²,高层(共22层),近地铁繁华地段品质小区
全新精装 一室一厅  送车位送家电 全款40万诚心出售,40,10811元/m²,1室1厅,37m²,中层(共18层),南北通透环境优美素质住户
财通绿城物业 全明户型 楼下是物美 五角广场 繁华地段,70,16393元/m²,1室,42m²,低层(共27层),南北通透
龙湖滟澜星座 天街旁 金沙湖地 铁高品质精装 拎包入住金沙湖,108,20183元/m²,1室,53m²,中层(共42层),安全性高繁华地段品质小区
标题,价格,均价,房子大小,总面积,楼层,优点
龙湖滟澜星座 天街旁 金沙湖地 铁高品质精装 拎包入住金沙湖,108,20183元/m²,1室,53m²,中层(共42层),安全性高繁华地段品质小区
锦湖家园全新精装修刚需两房户型，满五唯一，家具家电全送，急卖,150,21521元/m²,2室2厅,69m²,中层(共33层),近地铁南北通透
大学城地铁边商圈朝南精装复式月租3千5，买一二层面积,50,16667元/m²,2室2厅,30m²,中层(共20层),全南户型复式房采光好
70年产权，免社保，可落户，精装4房上下2层，免2年物业，,45.9,9180元/m²,4室2厅,50m²,中层(共20层),近地铁配套成熟繁华地段
地tie口50米，全新品牌装修，东边套，四阳台,379,23717元/m²,4室2厅,159m²,中层(共11层),近地铁南北通透
急降10万 满五 北小施教 随时看房 两室两厅 入户花园,40,8333元/m²,2室2厅,48m²,中层(共31层),南北通透配套成熟环境优美
外地人可，买首付三成丨低于市场价40万丨只售三天丨送精装车位,65,8553元/m²,2室2厅,76m²,中层(共6层),南北通透拎包入住环境优美
精装公寓，复式6米，送车位 产证齐全，双钥匙，近地铁。,32,10667元/m²,2室2厅,30m²,中层(共19层),环境优美安全性高繁华地段
保利东湾小户型，卧室带阳台，精装修20万，诚心急卖，可看江景,190,31395元/m²,2室2厅,60m²,低层(共32层),交通便利繁华地段品质小区
产权清晰，满五年包税丨70年产权精装修2房可落户上学。近地铁,90,11889元/m²,2室2厅,75m²,中层(共6层),南北通透拎包入住环境优美
低总价！近地铁！可！交通便利！环境舒适！楼层好！通天然气,48,13714元/m²,2室2厅,35m²,中层(共18层),近地铁配套成熟繁华地段
单身公寓商业配套完善|近七号线地铁口|有独立产证可包租租金高,60,13043元/m²,2室1厅,46m²,中层(共10层),新房房源视野好安全性高
房东年底用钱，直降30万，满二年，产权清晰，价格可谈,120,20460元/m²,1室1厅,58m²,中层(共19层),
高沙路地铁口  精装两房  房东急售  拎包入住,185,31166元/m²,2室1厅,59m²,中层(共18层),近地铁两房朝南品质小区
外地人可买丨七十年产权精装全配丨小户型住宅丨地段繁华丨可落户,62,8378元/m²,2室2厅,74m²,中层(共18层),南北通透配套成熟品质小区
海天城 新上 精装修大四房 三房朝南 三阳台 有车位,395,25881元/m²,4室2厅,152m²,低层(共29层),近地铁
"送家私家电,送车位,送精装LOFT,全景落地窗,民用水电",38,10270元/m²,2室1厅,37m²,高层(共9层),近地铁配套成熟繁华地段
保利东湾东区 一线江景房 东边套 二胎改善户型 看房有钥匙,385,19114元/m²,5室2厅,201m²,中层(共31层),
投姿手选 包租4千 在建地铁口 精装复式 钱塘新区 价格可谈,35.4,11800元/m²,2室2厅,30m²,中层(共18层),南北通透环境优美
金隅空港精装公寓不限贷租金高总价低,70,13462元/m²,1室1厅,52m²,高层(共25层),配套成熟环境优美繁华地段
时代山 两室朝南双阳台 边套户型客厅带窗 民用电诚心出售,82,14386元/m²,2室2厅,57m²,高层(共24层),南北通透近地铁配套成熟
地铁口，外地人福利，无需社保，南北通精装修，民用水电，包税,56,11915元/m²,2室1厅,47m²,中层(共8层),拎包入住近地铁配套成熟
地铁口，简装现房，拎包即可入住，外地不限购，首付16万！~！,55,11702元/m²,2室2厅,47m²,中层(共30层),南北通透近地铁环境优美
盛泰时代山 经典两房户型 自住头资皆宜 房东诚心出售！,82,14386元/m²,2室1厅,57m²,中层(共20层),南北通透配套成熟品质小区
铭都雅苑 地铁260米 小户型 前面物美 诚心出售 交通便利,195,32928元/m²,2室1厅,59m²,低层(共25层),近地铁南北通透小户型
猛龙总冠 军！业主降价40万！纯东边套大四房！客厅带大阳台,302,23413元/m²,4室2厅,128m²,中层(共33层),近地铁配套成熟环境优美
东郡之星纯毛坯大两房 有地下车位！南北通透 全明户型 诚售！,147,21182元/m²,2室2厅,69m²,低层(共31层),南北通透
无税丨外地人可买丨赠送大阳台（精装修送车位丨拎包入住）价可谈,94,13429元/m²,2室2厅,70m²,中层(共6层),南北通透拎包入住环境优美
金沙湖  新出刚需好房  精装修  拎包入住 价格可谈 诚售,140,23777元/m²,2室1厅,58m²,高层(共26层),南北通透
江景家园 经典小户型 客厅朝南带阳台 带车位,175,31818元/m²,2室,55m²,低层(共18层),近地铁繁华地段品质小区
急售！金沙湖地铁口500米 精装大两房带车位 对口学校 可谈,41,9535元/m²,2室2厅,43m²,中层(共6层),小户型安全性高繁华地段
阳光华城 小两房精装修 紧靠林地铁 蒲公英广场 房东诚心出售,159,30994元/m²,1室1厅,51m²,中层(共9层),近地铁交通便利素质住户
地铁口，精装修，挑高6米，通煤气，楼层高，户型好,30.2,8162元/m²,2室2厅,37m²,中层(共20层),近地铁配套成熟环境优美
大都文苑风情 1室1厅 经典跃层 自由装修 文泽地口 可落户,98,24747元/m²,1室1厅,39m²,高层(共24层),近地铁近学校南北通透
"精装loft,不限购，不限贷，可落户，拎包入住，送车位，急售",19,7917元/m²,2室2厅,24m²,中层(共6层),近地铁配套成熟交通便利
金沙湖地铁口，新出双阳台户型，房东急售，价格美丽。,190,25459元/m²,2室2厅,74m²,中层(共11层),南北通透近地铁安全性高
急！房主急售，外地人可买，可落户上学，精装修，南北通透近地铁,73,10519元/m²,2室2厅,69m²,中层(共18层),南北通透配套成熟环境优美
近地铁 精装复试无需社保高租金产证清晰及买即祖,75,18293元/m²,2室1厅,41m²,中层(共23层),近地铁配套成熟繁华地段
地铁口，精装修，不限购，外地人可买，无需社保，房东保税，急售,56,9418元/m²,2室2厅,59m²,中层(共6层),拎包入住近地铁配套成熟
70年独立产权夫妻离婚分割财产立减20万现在看到的就是你得到,48,11163元/m²,2室2厅,43m²,高层(共19层),南北通透近地铁配套成熟
云水|景冉佳园|文海|中装两房|62方房东诚心出售,176,28124元/m²,2室1厅,62m²,高层(共32层),近地铁配套成熟环境优美
龙湖小面积60方户型， 精装两室 家具全送 天街繁华地段,175,29167元/m²,1室2厅,60m²,中层(共23层),南北通透
龙湖品质 精装拎包可住 全新未入住 业主非常诚心急卖可谈价,100,18868元/m²,1室2厅,53m²,中层(共42层),南北通透
70年产权住宅可落户丨品质小区丨配套成熟丨南北通透精装修现房,68.8,10585元/m²,2室2厅,65m²,中层(共6层),南北通透环境优美品质小区
"锦湖家园过度小两房,地 铁口,送精装修,天街,地段繁华。",160,26667元/m²,2室1厅,60m²,高层(共10层),近地铁主卧朝南客厅朝南
观澜江景大跃层 东部湾总部基地 景观房 豪华装修全送 随时看,360,19255元/m²,4室2厅,186m²,中层(共42层),南北通透
观澜时代 新出大四房 四开间朝南 一线江景 纯东边套 有车位,330,23832元/m²,4室2厅,138m²,中层(共33层),南北通透
文海学去 保利江语海 中间楼层 一线江景 保利物业值得信赖,200,31646元/m²,2室2厅,63m²,低层(共34层),近地铁南北通透
和达城精装修单身公寓 朝南价可谈 楼层好 采光无遮挡 诚心卖,68,15814元/m²,1室1厅,43m²,高层(共24层),南北通透
保利东湾精装两房 交通便利 南北通透 精装修拎包入住 江景房,175,27915元/m²,2室2厅,62m²,中层(共34层),采光好房型正配套成熟
宝龙品牌！大学城中心！4.2米层高！豪装！近地铁！交通便利！,65,14756元/m²,2室1厅,44m²,中层(共22层),主卧朝南繁华地段品质小区
必看！无需社保！房东包税！外地人首付仅需15万！随时看房！！,49,8167元/m²,2室2厅,60m²,高层(共11层),安全性高繁华地段品质小区
急售，杭州下沙文泽地铁口精装修复试公寓，包租4000即买即赚,43,9149元/m²,2室2厅,47m²,中层(共24层),近地铁近学校拎包入住
柠檬郡新出好房，精装修保养好，拎包入住，诚心出售，直面钱塘江,215,31479元/m²,1室2厅,68m²,高层(共26层),近地铁南北通透
金沙湖  新出刚需好房  清爽装修  拎包入住  诚售,145,24774元/m²,1室1厅,58m²,低层(共26层),南北通透小户型拎包入住
江干地铁口首付6万LOFT，赠车位，月租金4202房东跳楼价,19.5,9750元/m²,2室1厅,20m²,中层(共28层),南北通透近地铁配套成熟
龙湖滟澜山精装修两房，拎包入住,178,29682元/m²,2室1厅,59m²,高层(共22层),素质住户繁华地段品质小区
龙湖滟澜星座 金沙湖公园旁  龙湖天街对面,150,22821元/m²,1室1厅,65m²,低层(共42层),
江景家园 精装修 南北通透户型  一线江景房 价格可谈,145,25000元/m²,2室1厅,58m²,中层(共18层),南北通透
急售钱塘新区繁华地段近地铁精装修拎包入住送车位南北通透采光好,70,9859元/m²,2室2厅,71m²,共5层,南北通透近地铁配套成熟
标题,价格,均价,房子大小,总面积,楼层,优点
龙湖滟澜山精装修两房，拎包入住,178,29682元/m²,2室1厅,59m²,高层(共22层),素质住户繁华地段品质小区
房东降价急卖！无需社保！七十年产权住宅！送车位送精装修！,36.8,13143元/m²,2室2厅,28m²,中层(共11层),带车库近地铁繁华地段
"铭都雅苑,双地铁口400米,70年独立产权住宅 房东诚售",153,26641元/m²,2室1厅,57m²,中层(共25层),近地铁南北通透
江景家园 纯毛坯 一线江景  西边套  可自行设计 随时看房,162,27523元/m²,1室1厅,58m²,中层(共18层),配套成熟交通便利品质小区
宋都丽郡 132方东边套高楼层带车位265万 诚心出售实价卖,265,20076元/m²,4室2厅,132m²,中层(共18层),
近地铁 精装修 挑高5米6 月租4千 带车位 通燃气 可过户,32.8,6979元/m²,2室2厅,47m²,中层(共18层),近地铁配套成熟繁华地段
急急急 豪华装房东置换市区 精装修大四房 一线江景 价格可谈,330,25377元/m²,4室1厅,130m²,中层(共33层),近地铁交通便利品质小区
精装跃层景观房小区位置 LOFT 朝南跃层，视野好,115,24262元/m²,1室1厅,47m²,中层(共22层),南北通透
地铁口 印象城旁 精装拎包可住 总价低 配套完善 可议价,72,16744元/m²,1室1厅,43m²,中层(共27层),南北通透
下沙银泰盘中豪七格 经典跃层 4.2层高精装修 采光不受影响,100,19670元/m²,2室1厅,50m²,低层(共20层),拎包入住
保利东湾飞机户型，两梯两户，有钥匙随时看,310,22909元/m²,4室2厅,135m²,中层(共34层),景观房位置安静低密度
保利央企 精装修两房 一线江景房 视野好 采光无遮挡,190,25023元/m²,2室2厅,75m²,低层(共34层),配套成熟素质住户繁华地段
适合没购房资格的客户自住或投姿此小区我成交过很多套 欢迎咨询,30,10000元/m²,2室2厅,30m²,高层(共11层),南北通透近地铁配套成熟
钱塘新区，低总价住宅，刚交付新小区，适合刚需置业的您,160,23058元/m²,2室2厅,69m²,低层(共30层),次新小区素质住户品质小区
精装修 挑高5米5 赠送15平 拎包入住 月租4千 以租养贷,20,8000元/m²,2室2厅,25m²,中层(共11层),南北通透小区中心环境优美
云滨湾（文海南路双地铁）文海教育精装2房 手慢无,156,30636元/m²,2室1厅,50m²,高层(共18层),近地铁配套成熟繁华地段
"北银公寓新上房源,,自住装修,楼层好,房东置换诚心卖！",90,23077元/m²,1室1厅,39m²,高层(共7层),近地铁南北通透配套成熟
景观房 全明户型 东边套 南北通透 小区中心位置 一线江景房,380,28082元/m²,4室2厅,135m²,中层(共31层),一梯两户配套成熟品质小区
绿城物业! 租金4K 诚心出售的可以谈 地铁口 配套齐全,80,18605元/m²,1室,43m²,中层(共27层),南北通透配套成熟素质住户
地铁口 英冠天地，全南户型 三面采光 ，送电，首付15万,40,7625元/m²,2室1厅,52m²,中层(共18层),南北通透近地铁配套成熟
70年产权！首付3成37万！3证齐全！干净整洁！拎包入住！,121,19314元/m²,2室2厅,62m²,高层(共20层),南北通透环境优美
海天城 精装修自住 客厅带阳台 环境舒适 中间楼层 房东诚心,205,29119元/m²,2室2厅,70m²,中层(共29层),近地铁南北通透
房东急甩！产证齐全，无需社保可，精装修送车位，,49,10426元/m²,2室2厅,47m²,高层(共11层),
精装LOFT复式公寓，地铁口核心地带，以租养贷，产证齐全，急,43,9149元/m²,2室2厅,47m²,中层(共20层),近地铁繁华地段品质小区
云水苑精装修 朝南户型 中间楼层 50年产权 近地铁 有钥匙,50,12500元/m²,1室1厅,40m²,中层(共11层),采光好房型正近地铁
急售钱塘新区繁华地段近地铁精装修拎包入住送车位南北通透采光好,70,9859元/m²,2室2厅,71m²,共5层,南北通透近地铁配套成熟
上沙永裕大厦地铁口，精装修，包租4千，产证清晰，外地人可买。,51,14571元/m²,2室2厅,35m²,中层(共18层),
保利湾天地  两室两厅户型  一层价格两层享自住两不误,70,15142元/m²,2室2厅,46m²,中层(共24层),拎包入住交通便利繁华地段
世茂三期！中式豪华装修大跃层！家具家电全送！带车位！,480,23197元/m²,5室2厅,206m²,低层(共33层),近地铁南北通透拎包入住
世茂二期！近地铁口！精装修4房！送大露台！有车位！,430,22980元/m²,4室2厅,187m²,中层(共33层),近地铁配套成熟品质小区
挑高5.8米 精装修 外地人可买 租金4200 送车位 急售,40,10811元/m²,2室2厅,37m²,中层(共18层),近地铁配套成熟繁华地段
江干核心区域，配套完善，周边交通便利，可拎包入住，少税费,20,13333元/m²,2室2厅,15m²,中层(共22层),南北通透环境优美
龙湖澜轩 自住精装东端头小两房 全明采光全通透户型 诚意出售,200,33333元/m²,2室2厅,60m²,高层(共22层),配套成熟繁华地段品质小区
观澜空中大跃层，精装80万家具家电全送，一线江景视野无遮挡。,398,21288元/m²,5室2厅,186m²,中层(共42层),
江东壹号，萧山核心板块，精致两房，带装修，首付三成，外地落户,83,12614元/m²,2室2厅,65m²,高层(共6层),南北通透近地铁品质小区
新上房源 保利东湾 大五房 一线江景，房源实拍， 诚心出售,428,20423元/m²,5室2厅,209m²,高层(共34层),南北通透
财通中心  物业好 全明户型 南北通透 近地铁 楼下物美,80,18605元/m²,1室,43m²,中层(共27层),近地铁繁华地段品质小区
世茂广场 两房 南北通透 户型方正 交通便利 中上楼层诚卖,120,11904元/m²,2室2厅,100m²,中层(共28层),
首付18万，精装修，70年产权住宅，地铁口交通便利，南北通透,84,12727元/m²,2室2厅,66m²,中层(共18层),南北通透配套成熟品质小区
地铁口精装修，外地可买可过户。产权清晰无抵押。房东包税送车位,78,12188元/m²,2室2厅,64m²,高层(共6层),近地铁配套成熟繁华地段
复式5米精装 赠15平 租金4千 不限购 以租养贷 拎包入住,40,8889元/m²,2室2厅,45m²,中层(共20层),近地铁繁华地段品质小区
下沙复式公寓！产证齐全！地铁口！挑高5.8米！通燃气！送车位,20.5,10250元/m²,2室2厅,20m²,中层(共21层),近地铁复式房送车位
海天城 两室 精装修 楼层好 采光好 房东诚心卖 低总价,210,29838元/m²,2室1厅,70m²,低层(共22层),近地铁
挑高6米 精装修 通燃气 带车位  以租养贷 拎包入住！,38,7917元/m²,2室2厅,48m²,中层(共18层),全南户型送车位繁华地段
铭都雅苑 两房朝南 业主置换 诚心卖 看中可谈价急,175,29889元/m²,2室2厅,58m²,低层(共18层),近地铁南北通透
房东急出！！！精装修，南北通透外地人可买，地铁口，交通方便，,35,10938元/m²,2室1厅,32m²,中层(共8层),
惊现39方小面积！70年产权住宅！首付24万！简装清爽！急售,80,20513元/m²,1室1厅,39m²,高层(共6层),近地铁近学校南北通透
"东岸家园,精装两房,房东置换急卖,,看房有钥匙 地铁天街都近",170,28615元/m²,2室2厅,59m²,中层(共33层),南北通透
文苑风情 两房朝北 地铁350米 旁边和达城 简装,165,21154元/m²,2室2厅,78m²,中层(共11层),近地铁近学校南北通透
过渡房 金沙湖畔 一线湖景 跃层式公寓 空间极高！,88,18550元/m²,1室1厅,47m²,中层(共22层),
东部国际 金沙湖核心位置 精装 龙湖天街旁 配套齐 生活便利,95,15728元/m²,1室2厅,60m²,中层(共19层),小户型拎包入住
业主新委托，产证核实过，外地人可买，可落户上学，有钥匙随时看,87,13385元/m²,2室2厅,65m²,中层(共6层),南北通透送车位品质小区
70年产权！业主急售！机会难得只有一次不容错过亲还在等什么,38,8163元/m²,2室2厅,46m²,中层(共18层),两房朝南一梯两户位置安静
急售急售急售，降15万，景冉精装2房，文海读书，谈价空间很大,158,25167元/m²,2室2厅,62m²,高层(共26层),近地铁南北通透配套成熟
世茂广场 精装大两房 户型经典 边套 南北通透 楼层高采光好,132,13094元/m²,2室2厅,100m²,低层(共28层),两房朝南位置安静品质小区
地铁口 无需社保 精装复式 产证齐全 包租4500 以租养贷,22,8148元/m²,2室2厅,27m²,中层(共18层),近地铁配套成熟繁华地段
旁边地铁站 自住出租皆宜 房东急卖 价格可以谈 月租4500,85,17932元/m²,1室1厅,47m²,中层(共22层),南北通透
龙湖滟澜星座 （地铁A口）30米 LOFT 月租金5000,124,18865元/m²,1室1厅,65m²,低层(共42层),近地铁配套成熟次新小区
急售 智格豪城 挑高5.6 通燃气 包租五千 送家具家电,37,10571元/m²,2室2厅,35m²,中层(共19层),近地铁配套成熟繁华地段
江景家园新出小两房 全新装修可拎包入住 金沙湖旁楼层好采光佳,163,28103元/m²,2室1厅,58m²,中层(共18层),南北通透
标题,价格,均价,房子大小,总面积,楼层,优点
龙湖滟澜星座 （地铁A口）30米 LOFT 月租金5000,124,18865元/m²,1室1厅,65m²,低层(共42层),近地铁配套成熟次新小区
急售 智格豪城 挑高5.6 通燃气 包租五千 送家具家电,37,10571元/m²,2室2厅,35m²,中层(共19层),近地铁配套成熟繁华地段
七格小区，首付15万，近学校精装两房，可落户上学，拎包入住,65,12745元/m²,2室2厅,51m²,中层(共6层),近地铁配套成熟交通便利
业主急售 16万首付 55方 赠送20平方|精装修产证齐全|,52,9455元/m²,2室2厅,55m²,中层(共18层),近地铁繁华地段品质小区
无税首付12万精装交付 可公积金贷 Xi缺小户型 可拎包入住,43.2,13012元/m²,2室2厅,33m²,中层(共6层),近地铁繁华地段品质小区
经典跃层 精装修 可拎包入住 环境优美 房东诚心出售,75,17913元/m²,2室1厅,41m²,中层(共23层),南北通透跃层式交通便利
江景家园新出小两房 全新装修可拎包入住 金沙湖旁楼层好采光佳,163,28103元/m²,2室1厅,58m²,中层(共18层),南北通透
新上好房 盛泰名都  大两室南北通透 看房方便 价格可谈！,165.9,21786元/m²,2室1厅,76m²,低层(共30层),近地铁南北通透小户型
世茂江滨花园 精装40万 送车位拎包即住 全线江景 随时可看,458,24476元/m²,4室2厅,187m²,中层(共33层),近地铁
次新房 精装修 层高4.75米 包租5000 送车位 双钥匙,60.2,12809元/m²,2室2厅,47m²,中层(共18层),南北通透配套成熟品质小区
遇见好房一生吼，该出手时就出手！金沙湖首付8万还要再犹豫吗,36,12857元/m²,2室2厅,28m²,中层(共6层),近地铁繁华地段品质小区
好房推荐世茂广场精装修酒店式公寓 出门D铁 租金高！,65,13830元/m²,1室1厅,47m²,中层(共28层),近地铁配套成熟繁华地段
保利湾天地  精装优选 精装四房  无需购房资格 使用面积大,175,13268元/m²,4室2厅,131m²,中层(共28层),采光好配套成熟繁华地段
外地人可买，地铁口精装修复式公寓，上下独卫户型，无税可贷款！,48.2,13389元/m²,2室2厅,36m²,中层(共22层),近地铁繁华地段品质小区
大都文苑风情 1室1厅 小面积总价低 文海上学 70产权,101,21322元/m²,1室1厅,47m²,高层(共24层),近地铁近学校配套成熟
捡漏（真实在售）(小投房) 首付无要求 无需社保不限购,61.8,9968元/m²,2室2厅,62m²,共4层,近地铁配套成熟繁华地段
不要社保不限贷，义蓬名苑，首付13万，精装两房送家电，可落户,50,7937元/m²,2室2厅,63m²,中层(共18层),配套成熟环境优美交通便利
降价22万，挑高6米，房源，月租5千，通煤气，拎包入住,45,11250元/m²,2室1厅,40m²,高层(共11层),近地铁近学校南北通透
"世茂峻景湾 性价比极高 商户齐全,环境好,有完善的配套",455,17556元/m²,5室2厅,259m²,低层(共33层),近地铁配套成熟品质小区
急售！滟澜星座 商业街 租金5K,108,20202元/m²,1室,53m²,低层(共42层),近地铁交通便利品质小区
物美商圈新出好房精装修拎包住价格实惠看房方便小孩读书方便,92.8,23200元/m²,1室2厅,40m²,高层(共7层),近地铁南北通透小户型
"金沙湖新出精装两房,看房方便,房东急卖,价格可谈",165,29512元/m²,2室1厅,55m²,中层(共28层),南北通透
福雷德  两房精装修，纯边套，阳光足，视野好，价格美丽,200,18920元/m²,2室1厅,105m²,低层(共20层),南北通透配套成熟品质小区
万亚金沙湖壹号!豪华装修全送！跃层得房率高！,120,20000元/m²,2室2厅,60m²,低层(共19层),近地铁跃层式繁华地段
下楼就能逛街 地铁在楼下 就是金沙湖繁华的位置 房东诚售 ！,115,21511元/m²,1室,53m²,低层(共42层),近地铁交通便利繁华地段
空中别墅直降50万 豪装100万全送 装修全新 价格可以谈,550,25657元/m²,5室2厅,214m²,中层(共32层),南北通透
东盛家园 东边套 精装大4房 三房朝南带阳台 南北通透采光好,250,20835元/m²,4室2厅,119m²,中层(共18层),南北通透配套成熟品质小区
江东壹号 精装修4.75米loft双钥匙公寓 近机场 好出租,74,18005元/m²,2室2厅,41m²,高层(共22层),两房朝南南北通透采光好
送产权车位 首付8万 产证清晰 送家具随时看房 拎包入住,26,9286元/m²,2室2厅,28m²,中层(共19层),配套成熟交通便利品质小区
"送家私家电,送车位,送精装LOFT,全景落地窗,民用水电",38,10270元/m²,2室1厅,37m²,高层(共9层),近地铁配套成熟繁华地段
江语海 豪华装修 适宜居住 带车位 诚心出售 看中可谈,210,35485元/m²,1室2厅,59m²,低层(共33层),近地铁房型正拎包入住
江干区丨70年产权近地铁，满五无税产权清晰，精装业主急售满五,85,11806元/m²,3室1厅,72m²,低层(共15层),近地铁三房朝南近入口
帝景园！豪华装修超大洋房急售，拎包入住，房，临地铁，配套成熟,108,12931元/m²,3室2厅,83m²,中层(共17层),近地铁繁华地段品质小区
钱塘新区 河庄 地铁口大江之星滨江物业  3房2卫真实在售,190,21591元/m²,3室2厅,88m²,低层(共23层),
文泽地铁，可上文海，三开间朝南带阳台，视野开阔，拎包入住,310,23846元/m²,3室2厅,130m²,中层(共15层),近地铁近学校南北通透
东郡之星 纯毛坯 89方 三房两卫 纯西边套 自行设计总价低,170,19037元/m²,3室2厅,89m²,低层(共31层),配套成熟繁华地段品质小区
东郡国际 中间套好户型，得房率高，精装3房，业主诚心出售,265,30203元/m²,3室2厅,87m²,低层(共33层),
新上金沙湖板块 精装边套南北双阳台 家具家电全送 业主置换急,185,22644元/m²,2室2厅,81m²,高层(共16层),南北通透
210万包车位实价可签！拒绝假价找我就对了,210,24402元/m²,3室2厅,86m²,高层(共33层),近地铁配套成熟繁华地段
外地人可买 不限购 无 税 精装现房家具全齐 拎包入住,62,10690元/m²,3室1厅,58m²,高层(共14层),南北通透环境优美
东郡国际 纯东边套 大四房 一线江景 小学幼儿园距离几步路,204.5,23688元/m²,3室2厅,86m²,低层(共33层),客厅朝南近地铁品质小区
宋都丽郡国际 带车位毛坯房 楼层好 采光南北通透 地铁口旁边,203,22606元/m²,3室2厅,89m²,低层(共18层),独立电梯一梯两户位置安静
保利品质 中国铁建保利像素 地铁口 精装修 低于市场价30万,160,20592元/m²,3室2厅,77m²,高层(共16层),南北通透
业主急售，新挂房源，精装修，带车位，民用水电，有钥匙可看房,38,10857元/m²,2室2厅,35m²,高层(共15层),近地铁近学校配套成熟
瓯江大厦豪华LOFT，房东公司倒闭，价可谈，首付8万可贷款急,50.6,10766元/m²,1室2厅,47m²,中层(共15层),复式房近地铁配套成熟
东郡国际 三房两厅一卫 金典户型 精装修 诚心出售,250,28532元/m²,3室2厅,87m²,高层(共17层),
龙湖二期 两房 业主婚房 置换市区忍痛割爱 租金4400月,198.5,33083元/m²,2室1厅,60m²,低层(共22层),南北通透
保利东湾 ，三房户型 全新装修全送，拎包入住，随时看房！,260,27701元/m²,3室2厅,93m²,中层(共34层),小户型拎包入住
新沙家园  新出地铁口大三房 繁华地段配套齐全环境优美诚售,268,23431元/m²,2室2厅,114m²,中层(共14层),近地铁繁华地段品质小区
近地铁 产证全 挑高6米 拎包入住 月租4千2 通燃气带车位,49,10208元/m²,2室2厅,48m²,中层(共12层),交通便利安全性高品质小区
世茂广场 地铁口低首付 租金4K 复式挑高5.6米 带车位哟,41.8,11943元/m²,2室2厅,35m²,中层(共16层),南北通透
大学城北 东郡国际 精装修三房 刚需必看 南北通透 房东诚售,225,25859元/m²,3室2厅,87m²,高层(共33层),南北通透
钱塘新区地铁口，层高4.5米精装修loft，买一套送一套,90,11392元/m²,3室2厅,79m²,高层(共22层),近地铁配套成熟交通便利
梦琴湾精装住宅！南北通透！景观房！满两年！诚心出售！,300,22573元/m²,3室2厅,132m²,高层(共28层),近地铁
全新清爽精装修。基本未入住。3开间朝南。双阳台，随时看房！,237,26993元/m²,3室2厅,87m²,中层(共36层),
无需社保！首付17万！银泰城区域！南北通透！精装修！房东包税,89,12192元/m²,3室2厅,73m²,中层(共17层),近地铁配套成熟繁华地段
纯边套三房，免18万税费，可拎包入住，房东低市场价20万急卖,305,23361元/m²,3室2厅,130m²,高层(共22层),近地铁房型正拎包入住
东海柠檬郡 经典三房 客厅带阳台 视野 俯瞰整个小区,237,26540元/m²,3室2厅,89m²,高层(共31层),近地铁配套成熟环境优美
世茂江滨花园一期碧景湾，全新豪装三房，家具家电送，！,180,20334元/m²,3室2厅,88m²,中层(共33层),南北通透
朗诗国际精装两房 南北通透 买房卖房屋就找专业的资深置业顾问,238,29292元/m²,2室2厅,81m²,低层(共32层),近地铁品质小区
标题,价格,均价,房子大小,总面积,楼层,优点
大江之星89方毛坯3室2厅2卫 双阳台185万有车位！保真！,185,20787元/m²,3室2厅,89m²,中层(共22层),近地铁环境优美繁华地段
钱塘新区 满两年无税 房东诚售 钥匙在手欢迎看房,166,20391元/m²,3室2厅,81m²,高层(共33层),新房房源南北通透配套成熟
（新出）阳光华城|精装修3房|稳定文海|带阳台|明卫|诚心卖,191,29691元/m²,3室2厅,64m²,高层(共9层),近地铁配套成熟安全性高
东裕华庭A1户型高楼层就此一套3房2厅1卫112万，有钥匙。,112,12548元/m²,3室2厅,89m²,高层(共33层),配套成熟交通便利繁华地段
复式6米，包租5千，独立产证  不限购，精装送车位,43,11622元/m²,2室1厅,37m²,中层(共12层),近地铁南北通透环境优美
世茂江滨花园一期碧景湾，纯东边套，全新装修，家具家电全送！！,175,19705元/m²,3室2厅,88m²,低层(共34层),南北通透
70年纯住宅，保真，社保可解决可落户，送家电家具，含产权车位,34,10625元/m²,2室2厅,32m²,中层(共12层),南北通透环境优美
无税丨外地人可买丨豪华装送产权车位丨70年产权住宅丨可落户丨,80,10811元/m²,2室2厅,74m²,中层(共14层),南北通透繁华地段品质小区
双地铁沿街商铺  花园式别墅型公寓 精装 三证齐全,75,18293元/m²,2室2厅,41m²,高层(共18层),新房房源南北通透
保利东湾！精装带车位！一线江景！房东工作变动急卖！超好楼层,270,28828元/m²,3室2厅,93m²,中层(共33层),南北通透配套成熟品质小区
新上江景家园 精装全新未入住 房东置换大套诚心卖 可谈价急,140,24138元/m²,2室2厅,58m²,中层(共15层),南北通透
龙湖滟澜星座  精装全新天街旁 湖景房楼层好 业主诚心随时看,118,18718元/m²,1室1厅,63m²,低层(共42层),近地铁繁华地段品质小区
金沙湖中豪七格 精装跃层两房 房东急 售 价格可谈 随时看房,85,19767元/m²,2室1厅,43m²,中层(共23层),配套成熟环境优美交通便利
龙湖滟澜星座 天街旁 金沙湖地铁 高品质精装 拎包入住 诚售,117,22749元/m²,1室1厅,51m²,中层(共42层),近地铁繁华地段品质小区
江景家园 全明户型西边套 中等装修拎包入住 价格真的低,162,27593元/m²,2室1厅,58m²,低层(共18层),主卧朝南客厅朝南配套成熟
阳光华城 铁文海 精装小两房 学籍未用过 拎包入住 诚心卖！,190,36588元/m²,1室1厅,51m²,高层(共9层),独立电梯中国风近地铁
世茂江滨花园 大两房精装修 双阳台 楼层好一线江景 看房方便,220,25175元/m²,2室2厅,87m²,中层(共33层),近地铁
投姿手选 包租4千 金沙湖地铁口 豪装复式 易租易售 送阳台,35,10606元/m²,2室1厅,33m²,中层(共13层),
东方铭楼 高沙地铁口 精装修 楼层好 地段好 随时看房,125,20833元/m²,1室1厅,60m²,中层(共23层),近地铁
龙湖小面积60方户型， 精装两室 家具全送 天街繁华地段,175,29167元/m²,1室2厅,60m²,中层(共23层),南北通透
"外地人可买 配套成熟 精装复式 可办公,可自住 租金高！",36,12000元/m²,2室2厅,30m²,中层(共23层),南北通透环境优美
大学城北3房送价值十五万车位一个低于市价30万决定靠谱诚心,210,23580元/m²,3室2厅,89m²,中层(共31层),
宋都晨光国际 跃层精装修 房东已经在市区看好房子这套急需卖掉,246,28568元/m²,3室2厅,86m²,中层(共31层),近地铁南北通透配套成熟
透光无敌！我的相机都闪瞎了！单价1万！包租精装loft！,50,10000元/m²,2室2厅,50m²,高层(共22层),近地铁近学校南北通透
铭和苑精装自住大两房 边套户型房东置换急售 地 铁口随时看房,186,21448元/m²,2室2厅,86m²,高层(共11层),近地铁繁华地段品质小区
江景家园 中等装修 南北通透户型 东边套 全明户型,155,26724元/m²,2室1厅,58m²,低层(共18层),近地铁繁华地段品质小区
城市果岭 精装2房 拎包入住 南北通透 诚心出售 随时看房,235,29781元/m²,1室1厅,78m²,高层(共32层),南北通透
金沙湖地铁口300米 无需税费 年独立产权 可落户上学,38,10270元/m²,2室2厅,37m²,中层(共12层),近地铁
精装4房！纯边套房！全明户型！拎包人住！产权齐全！带车位！急,315,20287元/m²,4室2厅,155m²,高层(共19层),近地铁配套成熟品质小区
龙湖滟澜山 精装LOFT大两房 毗邻天街 诚心出售随时看房,286,32522元/m²,2室2厅,87m²,高层(共24层),近地铁繁华地段品质小区
"东海未名园精装三房,文海读书,诚心出售",270,22823元/m²,3室2厅,118m²,中层(共6层),近地铁近学校交通便利
急售！萧山江东新城 在建7号线 精装住宅 浅力地段 价格可谈,35,8333元/m²,2室2厅,42m²,中层(共15层),南北通透送车位环境优美
世茂广场 江滨站楼下 配套齐全 一个美好的二人世界,60,12766元/m²,1室1厅,47m²,中层(共28层),
50万精装修拎包入住诚心出售南北通透大四房价钱美丽,245,20418元/m²,4室2厅,119m²,高层(共16层),南北通透
城北新村 双金山 总价低 房东诚心出售,160,28070元/m²,2室1厅,57m²,高层(共6层),近地铁
急售70年住宅 精装2房 南北通透性价比高 临地铁 外地可买,86,9773元/m²,2室2厅,88m²,中层(共6层),南北通透环境优美
地铁口50米精装30万南北通透双阳台高楼层无遮挡看房随时,213,23938元/m²,1室1厅,88m²,中层(共34层),近地铁南北通透
朗诗国际 精装两房 带阳台 一线江景 总价低 刚需必看 诚售,190,23385元/m²,2室2厅,81m²,中层(共32层),近地铁素质住户繁华地段
世茂广场 地铁口低首付 租金4K 复式挑高5.6米 带车位哟,48,10213元/m²,2室2厅,47m²,中层(共16层),南北通透
，不限购70年产权，豪华装全送带车位  全款20万 买到赚到,20,13333元/m²,1室2厅,15m²,高层(共17层),南北通透环境优美素质住户
急售！地铁口复式LOFT公寓 自住投姿好选择，不限贷！,25,9259元/m²,2室2厅,27m²,中层(共18层),素质住户安全性高繁华地段
下沙二手房 文泽路地铁口 东海未名园小户型 文海诚心出售,105,20548元/m²,1室1厅,51m²,低层(共18层),近地铁近学校南北通透
宋都东郡国际。精装两房。小户型。刚需必看。即买即住。南北通透,200,29394元/m²,2室2厅,68m²,中层(共32层),南北通透拎包入住
龙湖滟澜星座 天街旁金沙湖地铁 高品质精装 拎包入住 诚售,138,20995元/m²,1室1厅,65m²,低层(共42层),近地铁繁华地段品质小区
新上高沙地铁口 印象城旁 精装边套两房9成新 业主置换诚心卖,158,27138元/m²,2室1厅,58m²,中层(共18层),近地铁南北通透
30万精装2居室，低于市场价20万，全明户型东边套，捡漏好房,185,20817元/m²,2室2厅,88m²,高层(共26层),近地铁近学校南北通透
华顺公寓|小区中间 多方朝南 紧缺小户型 文海旁边 精装急卖,156,22478元/m²,2室1厅,69m²,高层(共6层),近地铁配套成熟环境优美
文汇苑|西边套|3房可做4房|全明落地窗|3房朝南|随时看房,312,20094元/m²,4室2厅,155m²,低层(共19层),近地铁繁华地段品质小区
清雅苑 没有比这更好的户型 文海区 价格真的实惠 看中来,330,20998元/m²,4室2厅,157m²,高层(共6层),近地铁近学校客厅朝南
"地铁高沙站 精装两房,房东置换大房,诚心出售",170,28823元/m²,2室1厅,58m²,低层(共18层),近地铁南北通透
金沙湖畔边上大两房 朝南带阳台 一线江景 看房方便 业主诚心,150,25862元/m²,2室1厅,58m²,中层(共18层),南北通透
急售！急售！急售！远低于市场价，只为出手，机会不容错过,47,10444元/m²,2室2厅,45m²,高层(共22层),交通便利素质住户安全性高
外地人可买|首付三城|无需社保|无税精装修|南北通透|送车位,52.6,10737元/m²,2室2厅,48m²,中层(共7层),两房朝南交通便利品质小区
豪华装修赠车位，不动产证齐全，两房朝南，首付10万！,35.9,14360元/m²,2室2厅,25m²,中层(共18层),南北通透近地铁配套成熟
大都新出 文海读书 文泽站100米 朝南带阳台 满2年有钥匙,105.5,22257元/m²,1室1厅,47m²,高层(共24层),近地铁近学校南北通透
盛泰名都中心 首付12万 外地人可买 可过户可上学 租金5千,37,11212元/m²,2室1厅,33m²,中层(共22层),南北通透环境优美
地铁口，首付15万，精装复试，民用水电，外地可买，送3年物业,39.2,10595元/m²,2室2厅,37m²,低层(共18层),近地铁
地铁口 租金4千 精装2房 5.6米层高  民用水电 送车位,31,10333元/m²,2室2厅,30m²,中层(共18层),近地铁素质住户安全性高
宋都晨光国际 精装修 大三房都晨光国际,435,26407元/m²,4室2厅,164m²,低层(共45层),近地铁南北通透繁华地段
财通绿城物业 全明户型 楼下是物美 五角广场 繁华地段,70,16393元/m²,1室,42m²,低层(共27层),南北通透
标题,价格,均价,房子大小,总面积,楼层,优点
地铁板块，印象城南50米，58.16方。单价低，商贷9折,186,31981元/m²,1室1厅,58m²,中层(共24层),近地铁南北通透拎包入住
和达城 精装酒店式公寓 拎包入住全明户型  通风好采光好诚售,63,15366元/m²,1室1厅,41m²,高层(共30层),南北通透
铭都雅苑 景苑教育 房东自住保养好 欢迎看房 随时恭候您.。,200,33772元/m²,2室1厅,59m²,低层(共22层),近地铁
景冉佳园，标准两房，文海，精装20万，房东诚卖，随时看房,185,29562元/m²,2室2厅,62m²,低层(共32层),近地铁配套成熟环境优美
铭都雅苑 地 铁口新出边套 精装自住  南北通透全明户型,178,30994元/m²,2室1厅,57m²,低层(共25层),近地铁繁华地段品质小区
精装公寓，复式6米，一户一证，产证齐全，双钥匙，送家具家电,35,9459元/m²,2室2厅,37m²,高层(共18层),交通便利安全性高繁华地段
纯边套大三房，豪华装修，地铁口,408,29947元/m²,4室2厅,136m²,中层(共42层),近地铁
（带车位）云滨湾|文海教育|精装自住两房|诚心卖|好看房,175,34368元/m²,2室2厅,50m²,高层(共18层),
东方铭楼 高沙地铁口 精装全配 拎包入住 诚心出售 随时看房,119,20877元/m²,1室1厅,57m²,低层(共23层),近地铁
"新出好房!龙湖物业!跃层面积,精装修30万全送,诚售",99.6,18444元/m²,2室2厅,54m²,中层(共40层),南北通透
急售房源丨首付8万丨精装修丨送家具家电丨拎包入住丨近地铁,26,9630元/m²,2室2厅,27m²,中层(共21层),素质住户安全性高繁华地段
朗诗国际精装两房 南北通透 买房卖房屋就找专业的资深置业顾问,238,29292元/m²,2室2厅,81m²,低层(共32层),近地铁品质小区
世茂江滨花园双阳台经典户型，送精装20万，无营业税，换房急卖,250,28416元/m²,2室2厅,87m²,中层(共33层),近地铁繁华地段品质小区
外地人可买，南北通透，产证清晰，全明户型，精装修，送产权车位,75,12712元/m²,3室2厅,59m²,中层(共12层),带车库交通便利素质住户
精装全配|送车位|无需社保|无税急售|拎包入住|月租3000,78,13000元/m²,2室2厅,60m²,中层(共11层),南北通透配套成熟环境优美
保利东湾小户型，卧室带阳台，精装修20万，诚心急卖，可看江景,190,31395元/m²,2室2厅,60m²,低层(共32层),交通便利繁华地段品质小区
价格真实世茂江滨二期 自住精装修 双阳台朝南  采光视野极好,255,28984元/m²,2室2厅,87m²,中层(共33层),近地铁南北通透
杭州二手房 金沙湖 龙湖滟澜山（澜轩） 首付60万月供6千元,206,34351元/m²,2室1厅,59m²,中层(共23层),小户型近地铁繁华地段
12沿江景观房 送自住精装 没有双税 低于市场30万 低总价,208,22289元/m²,2室2厅,93m²,高层(共35层),南北通透景观房位置安静
情侣必看！！！ 文海教育 拎包入住小清新房 价格吊打全小区！,195,31061元/m²,2室2厅,62m²,高层(共26层),近地铁安全性高品质小区
"柠檬郡新出好房,标准三房,送精装修50万家电家具,业主诚心卖",268,30112元/m²,3室2厅,89m²,中层(共33层),近地铁配套成熟次新小区
中豪七格  年轻人聚集地 下沙银泰旁 精装跃层 朝南 采光好,95,22093元/m²,2室1厅,43m²,中层(共23层),南北通透交通便利繁华地段
龙湖滟澜星座 （地铁A口）30米 LOFT 月租金5000,124,18865元/m²,1室1厅,65m²,低层(共42层),近地铁配套成熟次新小区
过渡房 金沙湖畔 一线湖景 跃层式公寓 空间极高！,88,18550元/m²,1室1厅,47m²,中层(共22层),
宋都东郡国际。精装大三房。三阳台户型,235,26393元/m²,3室2厅,89m²,中层(共18层),
大三房精装修，南北通透，全明户型，采光无遮挡。户型好,285.6,24674元/m²,3室2厅,115m²,高层(共25层),近地铁交通便利繁华地段
6月10号新增房源，考虑子女读书的家长看过来，就读文海,200,31090元/m²,3室2厅,64m²,高层(共9层),近地铁配套成熟品质小区
下沙惊现首8万 豪华装修精装70年产权住宅 无税费送车位,25,12500元/m²,2室2厅,20m²,低层(共18层),新房房源南北通透配套成熟
全新清爽精装修。基本未入住。3开间朝南。双阳台。,227,25854元/m²,3室2厅,87m²,中层(共36层),
保利东湾东区，稀有边套户型，超大观景阳台，纯毛坯急卖,278,26852元/m²,3室2厅,103m²,高层(共34层),近地铁繁华地段品质小区
全屋中央空调，精装47万大两房 ，一线江景，置换市区,241,26900元/m²,2室2厅,89m²,高层(共32层),南北通透交通便利繁华地段
大学城地铁边商圈朝南精装复式月租3千5，买一二层面积,50,16667元/m²,2室2厅,30m²,中层(共20层),全南户型复式房采光好
下沙二手房 婚房装修 素质住户 地铁800米 农贸市场旁,212,21088元/m²,2室2厅,100m²,高层(共14层),近地铁环境优美交通便利
金沙湖 德信早城 大三房 送30方大露台 低于市场50万,290,30408元/m²,3室2厅,95m²,高层(共22层),近地铁近学校次新小区
杭州主城区 即将开售 单价27000 赠送精装修3500平,288.6,32416元/m²,3室2厅,89m²,中层(共20层),近地铁环境优美交通便利
500米地铁口，江景房，5.6米挑高，好楼层，送精装免社保,42.9,12257元/m²,2室2厅,35m²,中层(共11层),近地铁配套成熟繁华地段
下沙天街对面 财通中心精装修公寓 急售价格美丽,80,18605元/m²,1室,43m²,中层(共27层),近地铁配套成熟交通便利
70年产权|产证齐全|豪华装近地铁|外地人可买|南北通透|急,89,10000元/m²,3室2厅,89m²,中层(共15层),
观澜空中大跃层，精装80万家具家电全送，一线江景视野无遮挡。,398,21288元/m²,5室2厅,186m²,中层(共42层),
70年产权住宅，赠送25平!近學区，近地铁，产权清晰，送家具,19,12667元/m²,2室2厅,15m²,中层(共16层),小户型近地铁配套成熟
学林街，5.8米复试，精装修，有产权，无抵押，无纠纷，带车位,43.6,11784元/m²,2室2厅,37m²,中层(共11层),近地铁配套成熟繁华地段
品质小区 配套成熟 精装修产证齐全 南北通透 近地铁 可落户,112,16471元/m²,3室2厅,68m²,高层(共18层),
保利央企！纯东边套 一线江景 三阳台 精装修大四房户型方正。,350,25823元/m²,4室2厅,135m²,低层(共33层),配套成熟环境优美次新小区
急丨外地人可买(房东移民急抛）（精装修送产权车位）可落户上学,73,8157元/m²,3室2厅,89m²,中层(共18层),南北通透繁华地段品质小区
品质小区|70年产权|精装修交付|外地人可买|无需社保|急售,106,11865元/m²,3室2厅,89m²,中层(共28层),
柠檬郡明户型 景观房 自住装修 全明户型 南北通透 出行方便,280,31215元/m²,3室2厅,89m²,高层(共32层),近地铁南北通透配套成熟
御观邸 南北通透 房东置换 急卖！！ 随时看房！！,290,32932元/m²,4室1厅,88m²,低层(共32层),近地铁配套成熟繁华地段
铭都雅苑 房东做生意亏本 急用钱 现贱卖！！,148,25093元/m²,2室1厅,58m²,中层(共18层),近地铁配套成熟繁华地段
70年产权，可读书落户，无需社保，房东亏本卖，送装修,47,10930元/m²,2室2厅,43m²,高层(共17层),近地铁配套成熟繁华地段
钱塘新区河庄街道帝景园145方边套二楼,218,15034元/m²,3室2厅,145m²,低层(共6层),
龙湖三期精装修三房 看房方便,290,33131元/m²,3室2厅,87m²,高层(共21层),近地铁
世茂瑞景湾！地铁口大四房！房东诚心出售！有钥匙随时看房！,445,23782元/m²,4室2厅,187m²,中层(共33层),近地铁南北通透拎包入住
"四季风景苑新上纯边套,大三房给您温馨舒适的家 看房有钥匙",320,24772元/m²,3室2厅,129m²,中层(共21层),近地铁近学校南北通透
世茂江滨花园 一线江景纯边套 中间楼层 诚心卖,330,24452元/m²,4室2厅,134m²,低层(共33层),近地铁南北通透
交通方便，性价比高，出售，户型好1户型方正2面积多，,200,22472元/m²,3室2厅,89m²,中层(共18层),
龙湖丽轩 复式跃层 30万精装 地铁500米 龙湖天街后面,275,36080元/m²,3室2厅,76m²,高层(共25层),近地铁配套成熟环境优美
金沙湖地铁口，新出双阳台户型，房东急售，价格美丽。,190,25459元/m²,2室2厅,74m²,中层(共11层),南北通透近地铁安全性高
"新出世茂89平方,经典南北通透户型,带装修,带车位!新出",195,21783元/m²,3室2厅,89m²,中层(共13层),南北通透
地铁50米  低首付  海天城  精装修两房 可拎包入住,252,30989元/m²,2室2厅,81m²,低层(共24层),近地铁拎包入住
文海房源四季风景苑 大两室户型方正 ，地铁500米，家具全送,186,21608元/m²,2室2厅,86m²,中层(共33层),近地铁近学校南北通透
标题,价格,均价,房子大小,总面积,楼层,优点
江干区丨可用公积金丨精装修丨外地人可买丨配套成熟丨送车位,110,18966元/m²,2室1厅,58m²,中层(共25层),近地铁近学校南北通透
精欧荣寓 次新小区 诚售 周边配套完善 文海,240,26891元/m²,2室2厅,89m²,中层(共22层),近地铁配套成熟繁华地段
铭和苑新上田园风精装好房，新装一年不到，业主置换，只卖毛坯价,185,21264元/m²,2室2厅,87m²,高层(共16层),近地铁配套成熟次新小区
保利东湾 标准大两房 精装修 房东自住 房子看好 随时面谈,178,23576元/m²,2室2厅,75m²,高层(共35层),
保利湾天地精装跃层大四房，层高5.8米双阳台南北通透一线江景,170,12879元/m²,4室2厅,132m²,中层(共30层),南北通透
世茂峻景湾 地铁，精装修，楼层好视野开阔，两房双阳台！,180,20571元/m²,2室2厅,87m²,低层(共33层),近地铁配套成熟环境优美
锦湖家园全新精装修刚需两房户型，满五唯一，家具家电全送，急卖,150,21521元/m²,2室2厅,69m²,中层(共33层),近地铁南北通透
保利江语海价格贼便宜，江景房房东置换文海房重点教育,185,31356元/m²,2室1厅,59m²,低层(共34层),近地铁
70年产权，产证清晰，送产权车，南北通透，全明户型，豪华装修,74.6,12644元/m²,3室2厅,59m²,中层(共12层),南北通透带车库繁华地段
好房看这里，朗诗国际，高档小区，精装大两房，市场,196,24448元/m²,2室2厅,80m²,低层(共32层),近地铁南北通透
清华北大看这里！！文海大两房，学籍未用，精装30万，随时看房,265,31862元/m²,3室2厅,83m²,高层(共27层),近地铁南北通透
东郡之星89方边套 20万精装修 245万 楼层好,245,27568元/m²,3室2厅,88m²,中层(共33层),南北通透
和达城 新上精装三房东边套户型得房率高，业主考虑短期置换,289,33264元/m²,3室2厅,86m²,中层(共33层),
保利东湾经典边套三房 精装修 看房方便 房东出国需要卖方,205,21958元/m²,3室2厅,93m²,中层(共31层),客厅朝南小区中心品质小区
宋都品牌 自住精装修 拎包入住 南北通透  两房朝南 双阳台,278,20240元/m²,4室2厅,137m²,高层(共33层),近地铁配套成熟环境优美
精装两房 南北通透 全明户型 性价比高 带车位 带家具家电,79,14364元/m²,2室2厅,55m²,中层(共12层),南北通透近地铁环境优美
文泽地铁，可上文海，三开间朝南带阳台，视野开阔，拎包入住,310,23846元/m²,3室2厅,130m²,中层(共15层),近地铁近学校南北通透
盛泰时代山 精装修 一室一厅 楼层好 视野好 房东诚售,79,17447元/m²,1室2厅,45m²,中层(共24层),
四季风景 大两房 精装修 双阳台 看房方便 房东诚售!,209,23680元/m²,2室2厅,88m²,中层(共33层),近地铁近学校南北通透
泰美国际大厦 新出朝北跃层精装修厅室分明可直视金沙湖绿城物业,103,25282元/m²,1室1厅,40m²,中层(共22层),
金沙湖地铁口  天街后  龙湖澜轩精装两房   拎包入住！,185,30849元/m²,2室1厅,59m²,低层(共22层),两房朝南近地铁品质小区
（担保真实） 东海未名园  大3房 文海上学 房东急 价可谈,270,22059元/m²,3室2厅,122m²,中层(共6层),近地铁近学校南北通透
保利像素 精装交付 拎包入住 品质小区 刚需置业,176.8,19741元/m²,3室2厅,89m²,高层(共33层),近地铁配套成熟环境优美
"医院旁,大三房,纯毛坯随意装修,房东上门委托,中间楼层",252,28286元/m²,3室2厅,89m²,低层(共29层),近地铁次新小区交通便利
保利东湾 景观房 全明户型 南北通透 小区位置 多房朝南,280,22047元/m²,4室2厅,127m²,低层(共33层),近地铁配套成熟环境优美
清雅苑 正规两房 中高楼层 采光良好 配套完善 户主惜售,120,20000元/m²,3室2厅,60m²,低层(共8层),近地铁近学校南北通透
海天城， 新上两房，周边配套齐全，一占式学正教育安心求学。,188,26264元/m²,2室1厅,71m²,中层(共29层),近地铁配套成熟繁华地段
华元十六街区 （精）文泽E出口|朝南新装|大落地窗|诚心卖,50,11364元/m²,1室1厅,44m²,低层(共16层),南北通透
精装修三房 带家具家电 价格低性价比高 可落户可上学,60,10000元/m²,3室2厅,60m²,低层(共16层),送家电送车位繁华地段
精装修35万  送三阳台 房东置换城西  现房急售,235,26428元/m²,3室2厅,88m²,高层(共34层),配套成熟环境优美交通便利
房东紧急变卖此房！以换资金创立公司 近地铁 可送精装修家电,89,18936元/m²,1室1厅,47m²,高层(共42层),近地铁配套成熟繁华地段
金沙湖地铁口 七十年独立产权 首付10万 不限购 可用公积金,31,13705元/m²,2室2厅,22m²,低层(共18层),南北通透送车位交通便利
盛泰时代山 厅室分离 户型方正 民用电 精装修 住宅式的公寓,82,14539元/m²,2室2厅,56m²,高层(共24层),南北通透
高沙公寓 地铁口精装LOFT公寓 租金5千 三面采光 可看房,52,17333元/m²,1室1厅,30m²,中层(共10层),环境优美交通便利素质住户
清雅苑 房东置换急降20万 清爽装修 视野开阔 可议价,280,17816元/m²,3室2厅,157m²,高层(共6层),近地铁近学校
大都文苑风情 1室1厅 地口铁，总价低 南北通透 环境优美,105.5,22257元/m²,1室1厅,47m²,高层(共24层),近地铁近学校南北通透
幸福雅苑，下沙西地铁站25万精装修大三房，房东置换诚心出售。,290,25054元/m²,3室2厅,115m²,高层(共33层),近地铁
新出房源  观澜时代 跃层  精装修25万 看好价格谈,200,23705元/m²,2室2厅,84m²,低层(共43层),开放厨房大两房厅带阳台
大都文苑风情 文泽路地铁口附近六个商业城！文海体,350,26188元/m²,3室2厅,133m²,中层(共11层),近地铁近学校南北通透
世茂江滨花园一期碧景湾，全新豪装三房，家具家电送，！,180,20334元/m²,3室2厅,88m²,中层(共33层),南北通透
金隅观澜时代装修大两房，一线江景户型方正满5年省税大阳台,195,21910元/m²,2室2厅,89m²,中层(共33层),
急售精装三房丨70年产权送车位丨赠送18平丨产证齐全丨可落户,90,14516元/m²,3室2厅,62m²,中层(共18层),拎包入住近地铁品质小区
朗诗国际 恒温恒湿恒氧 双阳台大两房 一线江景  急售 急售,230,26544元/m²,2室2厅,86m²,中层(共32层),近地铁安全性高繁华地段
品质小区 地铁口 精装三房两卫 房东自住诚心卖 价格可谈,252,28242元/m²,3室2厅,89m²,低层(共33层),近地铁南北通透拎包入住
世茂江滨花园精装中间套，大两房，中高楼层，一线江景，价格可谈,200,22422元/m²,2室2厅,89m²,低层(共35层),南北通透
杭州下沙 金沙湖地铁口附近 银泰旁 精装复式公寓 房东诚卖,74,18049元/m²,3室2厅,41m²,中层(共23层),配套成熟繁华地段品质小区
清雅苑新上精装修大三房 户型方正  得房高 看房方便房东诚心,249,23056元/m²,3室2厅,108m²,中层(共17层),近地铁近学校南北通透
龙湖丽轩大三房，纯毛坯，看房有钥匙，24随时看,470,39219元/m²,3室2厅,119m²,中层(共10层),南北通透
"文海教育 四季风景苑,大两室户型方正 带装修拎包入住 采光好",230,26220元/m²,2室1厅,87m²,中层(共29层),近地铁近学校南北通透
碧桂园89方 一级物业 精装30万 房东诚心卖 看房方便,200,22449元/m²,3室2厅,89m²,低层(共33层),南北通透
急！房主急售，外地人可买，可落户上学，精装修，南北通透近地铁,67,11167元/m²,2室2厅,60m²,中层(共18层),南北通透环境优美交通便利
龙湖洋房带超大私家花园，精装修全送，生活娱乐一应俱全，满两年,620,32359元/m²,4室2厅,191m²,低层(共7层),
"萧山南杨汛桥一桥之隔,地铁五号线在建中,一个价格低洼坐等起飞",120,13495元/m²,3室2厅,88m²,高层(共16层),新房房源近地铁繁华地段
和达城 精装酒店式公寓 拎包入住全明户型  通风好采光好诚售,63,15366元/m²,1室1厅,41m²,高层(共30层),南北通透
保利湾天地 精装LOFT 大4房居住舒适 拎包入住 随时看房,190,14405元/m²,4室2厅,131m²,中层(共28层),近地铁繁华地段品质小区
探梅坊，精装修两房，南北通透，首付74万，刚需户型,245,28167元/m²,2室2厅,86m²,中层(共16层),交通便利繁华地段品质小区
四季风景苑 西边套 南北通透 小区中心位置诚心卖,370,26927元/m²,3室2厅,137m²,高层(共29层),近地铁近学校南北通透
地铁旁 龙湖物业 东边套 多房朝南 环境好 交通便利 物业好,190,21370元/m²,3室2厅,88m²,低层(共33层),南北通透
急售！江景家园 两房朝南 价格可谈,158,27483元/m²,2室1厅,57m²,低层(共22层),配套成熟
金沙湖地铁口  天街旁 御观邸精装跃层三室  拎包入住,400,45424元/m²,3室2厅,88m²,中层(共32层),近地铁南北通透品质小区
标题,价格,均价,房子大小,总面积,楼层,优点
地铁旁 龙湖物业 东边套 多房朝南 环境好 交通便利 物业好,190,21370元/m²,3室2厅,88m²,低层(共33层),南北通透
急售！江景家园 两房朝南 价格可谈,158,27483元/m²,2室1厅,57m²,低层(共22层),配套成熟
金沙湖地铁口  天街旁 御观邸精装跃层三室  拎包入住,400,45424元/m²,3室2厅,88m²,中层(共32层),近地铁南北通透品质小区
"保利湾天地两房,精装修,家电家具齐全,直接拎包入住，房东置换",88,18723元/m²,2室2厅,47m²,高层(共17层),配套成熟环境优美交通便利
华元十六街区 物美板块，近地铁文泽站，朝南公寓,48,10884元/m²,1室1厅,44m²,中层(共16层),南北通透
急售！！江景家园  刚需两房  东边套,136,23448元/m²,2室1厅,58m²,低层(共18层),配套成熟
海天城，物美商圈，近地铁近学驱，家门口一占式学正教育安心求学,240,25540元/m²,2室2厅,93m²,低层(共33层),近地铁配套成熟
东海未名园 房东置换降价20万急售 清爽装修 可议价,105,20556元/m²,1室1厅,51m²,低层(共18层),近地铁近学校安全性高
首付10万，包租4千，产证清晰，价可谈，交通便捷，无税送车位,56.9,14220元/m²,3室2厅,40m²,中层(共16层),
海天城 自住精装修2室2厅1卫 刚需好房 中间楼层 诚心出售,195,27691元/m²,2室2厅,70m²,中层(共31层),近地铁
新出精装15万送家具 可用天然气 朝南采光好 诚心售,82,14386元/m²,2室2厅,57m²,高层(共24层),南北通透
（小二精装）大都文苑|钱塘新区|文海教育|纯边套|楼层好,165,24300元/m²,2室1厅,67m²,高层(共24层),近地铁近学校南北通透
急售！双地铁口 宋都丽郡国际89送15方 中间楼层 有车位,170,19101元/m²,3室2厅,89m²,低层(共18层),
保利东湾大四房，电梯入户一线江景，送的面积可达三十方!满5年,400,19859元/m²,4室2厅,201m²,中层(共32层),南北通透
观澜时代临湖排屋，送私家码头，前后150平大花园，室内电梯,1048,34137元/m²,6室3厅,307m²,共4层,南北通透
无税丨外地人可买丨赠送大阳台（精装修送车位丨拎包入住）价可谈,94,13429元/m²,2室2厅,70m²,中层(共6层),南北通透拎包入住环境优美
"精装修大四房,,南北对通,纯东边套,中高楼层",520,40161元/m²,4室2厅,129m²,低层(共35层),近地铁近学校南北通透
东郡国际新上精装修三房 房东诚心出售 价格真实 看上可以谈,250,28732元/m²,3室2厅,87m²,中层(共33层),交通便利素质住户品质小区
首付1成，无需社保，近地铁，南北通透，精装修带家电，配套齐全,71,10758元/m²,3室2厅,66m²,中层(共21层),近地铁配套成熟品质小区
金沙湖地铁口 首付仅需60万 房东置换诚心出售 急卖急卖,200,22143元/m²,2室2厅,90m²,高层(共11层),近地铁南北通透
新上观澜时代云邸，江景房，送30万装修，急卖,215,25190元/m²,2室1厅,85m²,中层(共43层),
急售！！精装30万  诚心出售 看房方便 价格可谈,198,22848元/m²,2室2厅,86m²,低层(共33层),近地铁
龙湖二期  真照片 格 近地铁 有钥匙看房方便 诚心卖,220,36685元/m²,1室,59m²,高层(共22层),小户型
大都文苑风情 （大露台） 地铁50米  上文海 房东急售可谈,230,24084元/m²,2室2厅,95m²,低层(共11层),近地铁近学校南北通透
诚售 宋都丽郡国际 满二年 夹边套 包车位 9楼 随时签约,210,23596元/m²,3室2厅,89m²,中层(共18层),近地铁配套成熟品质小区
300米地铁口，5米复试，江景房，无税，免社保，包租，可过户,49.2,10250元/m²,2室2厅,48m²,中层(共15层),近地铁配套成熟繁华地段
萧山大江东 精装修70年产权住宅 赠送车位以及家具家电 急售,107,11731元/m²,2室2厅,91m²,中层(共12层),近地铁繁华地段品质小区
店长力荐 世茂精装三房 东边套 房东急售 价格可谈,188,21067元/m²,3室2厅,89m²,低层(共33层),近地铁南北通透拎包入住
高沙商业去，繁华地段精装修公寓，印象城，五角广场相邻,82,19186元/m²,1室,42m²,中层(共27层),
东海未名园 全明户型 带露台 南北通透 实用面积大,300,24797元/m²,3室2厅,120m²,中层(共6层),近地铁近学校南北通透
"金沙阳光三房,现在急 卖中,房东诚心出售看中价格可小刀",199,22871元/m²,2室2厅,87m²,高层(共30层),近地铁南北通透
江干金沙湖地铁口 70年产权不限购 赠送超值20平精装带车位,33.6,10500元/m²,2室2厅,32m²,中层(共12层),近地铁配套成熟品质小区
(新)世茂江 一期碧景湾 近D铁口 89方 双阳台 诚心出售,220,24853元/m²,3室2厅,88m²,低层(共33层),南北通透
全明户型 精装修家电具全送  中间楼层采光好,200,22143元/m²,2室2厅,90m²,中层(共11层),近地铁繁华地段品质小区
包税！房东置换急售，可落户可上学，南北通透，精装修带车位,63,9517元/m²,3室2厅,66m²,中层(共18层),带车库繁华地段品质小区
观澜时代 边套大两房 两梯两户 送独立走廊 精装修看房方便,212,25056元/m²,2室2厅,84m²,低层(共35层),
错过就后悔！！房东直降30万急卖，精装三房，性价比超高,255,20088元/m²,3室2厅,126m²,低层(共13层),近地铁南北通透
外地人买丨低于市场价40万丨只售三天丨小 两室丨赠送10平米,50,8333元/m²,2室1厅,60m²,中层(共6层),南北通透拎包入住环境优美
地铁口 伊萨卡急售房 4房送露台 送30万精装修 拎包入住,312,23230元/m²,4室2厅,134m²,低层(共34层),近地铁厅带阳台配套成熟
世茂一期 一线江景房精装修南北通透 地铁口采光 随时看房,195,21783元/m²,3室2厅,89m²,中层(共13层),南北通透
景冉佳园  全新精装两房  文海教育别让您的输在起跑线上,182,28990元/m²,2室2厅,62m²,高层(共26层),近地铁小户型拎包入住
朗诗国际，精装大两房，高端住宅，品质物业，一线江景,198,24381元/m²,2室1厅,81m²,高层(共33层),近地铁拎包入住
观澜时代云低 一线江景 好楼层 采光无遮挡 急售 精装修,450,17238元/m²,4室2厅,261m²,低层(共33层),主卧朝南客厅朝南大开间
地铁高沙站  精装两房，房东置换大房，诚心出售  诚心卖可谈,160,27860元/m²,2室1厅,57m²,中层(共25层),近地铁南北通透
地铁较近，LOFT公寓，首付五成，即可入住,105,24476元/m²,2室1厅,42m²,低层(共19层),近地铁南北通透
马总生意亏损丨急需周转资金丨税费房东可以出丨只求快速出手丨急,71.5,15889元/m²,2室2厅,45m²,高层(共18层),近地铁南北通透
盛泰时代山 房东置换急降10万 清爽装修 视野开阔 可议价,70,14894元/m²,1室1厅,47m²,低层(共21层),安全性高繁华地段品质小区
保利东湾大四房 南北通透 繁华地段 附赠面积大 配套学校,198,22738元/m²,4室2厅,87m²,高层(共33层),
和达城 地下室直达地铁入口，楼下综合体精装修拎包入住南北通透,86,16060元/m²,1室1厅,53m²,中层(共30层),新房房源
华元十六街区 文泽路E口经典loft近6米朝南可3室诚心出售,78,17727元/m²,2室1厅,44m²,高层(共16层),
双地铁口 35万精装全送  全明大四房 采光好 聚财好房,309,22275元/m²,4室2厅,138m²,低层(共11层),近地铁房型正配套成熟
好房急售！纯毛坯，低市场价20万急卖，南北通透，送25方面积,188,21116元/m²,3室2厅,89m²,低层(共32层),南北通透配套成熟素质住户
首付21万买下沙地铁口包租3500民用水电拎包入住外地可买,42.9,10725元/m²,2室2厅,40m²,低层(共18层),南北通透送车位环境优美
地铁50米，海天城，宝房 精装大三房 ，物美正对面,308,23591元/m²,3室2厅,130m²,高层(共22层),近地铁
降价急售 70年产权 在建地铁 精装修 易租易售  送阳台,88,11579元/m²,3室2厅,76m²,中层(共14层),南北通透环境优美
"宋都晨光国际,全新装修小三房，上楼看江景，下楼坐地铁，诚心卖",180,20293元/m²,3室2厅,88m²,中层(共33层),近地铁南北通透
观澜时代精装修大两房，一线江景户型方正满5年省税大阳台,180,21274元/m²,2室2厅,84m²,低层(共33层),近地铁配套成熟环境优美
"东盛家园极巨性价比的房子,周边配套齐全,小区环境优美",160,28777元/m²,2室1厅,55m²,低层(共16层),南北通透
急售！江景家园  刚需两房  价格您来砍,148,25517元/m²,2室1厅,58m²,中层(共18层),配套成熟
世茂瑞景湾  毛坯带空中花园  可自由设计小三房 房东诚售,208,23137元/m²,3室2厅,89m²,中层(共33层),近地铁南北通透环境优美
标题,价格,均价,房子大小,总面积,楼层,优点
急售！江景家园  刚需两房  价格您来砍,148,25517元/m²,2室1厅,58m²,中层(共18层),配套成熟
必看！实图实拍！首付10万！精装loft公寓！有独立产证,34.4,8052元/m²,2室2厅,42m²,中层(共18层),南北通透近地铁配套成熟
急售 首付2成  中高楼层！自住精装修！税费低！房东诚心卖！,78,10833元/m²,3室2厅,72m²,中层(共16层),南北通透环境优美
世茂瑞景湾  毛坯带空中花园  可自由设计小三房 房东诚售,208,23137元/m²,3室2厅,89m²,中层(共33层),近地铁南北通透环境优美
大四房  户型方正 格局正气 南北通透 楼层,298,21150元/m²,3室2厅,140m²,高层(共11层),近地铁
大都文苑风情（大露台）  100米地铁 江干好 ！,275,22578元/m²,3室2厅,121m²,低层(共11层),近地铁近学校南北通透
全新装修15万，房东定好房子，急售，随时看房！送家具送车库,47,13429元/m²,2室2厅,35m²,中层(共16层),南北通透环境优美交通便利
伊萨卡 学正 江滨站边套全明户型 楼层好，视野开阔，诚心卖.,245,27316元/m²,2室2厅,89m²,高层(共33层),近地铁南北通透
金沙湖地铁口   新出纯毛坯从未入住  价格美丽  房东诚售,200,22143元/m²,2室2厅,90m²,高层(共11层),近地铁三房朝南交通便利
下沙银泰盘中豪七格 经典跃层 4.2层高精装修 采光不受影响,100,19670元/m²,2室1厅,50m²,低层(共20层),拎包入住
大都文苑风情  物美板块成熟小区 地段优越无税,400,27921元/m²,3室2厅,143m²,低层(共11层),近地铁近学校南北通透
和达城两用温馨小户型，全新豪华装修，地铁零，价格可谈,62,15500元/m²,2室2厅,40m²,高层(共22层),南北通透
地铁口旁，82方复式住宅，使用面积达110方，精装大三房两卫,275,36080元/m²,3室2厅,76m²,高层(共23层),
世茂89方三房 江滨站格局好 房东诚心出售 看房方便 急,198,22118元/m²,3室2厅,89m²,中层(共13层),南北通透
首付71万刚需三房 纯毛坯 可自行装修设计看房方便 有钥匙,252,28283元/m²,3室2厅,89m²,低层(共29层),近地铁南北通透
东海未名园 房东置换降价20万急售 清爽装修 可议价,270,22827元/m²,3室2厅,118m²,中层(共6层),近地铁近学校安全性高
急丨精装修（送产权车位）(房东移民急抛）（低于市场价38万）,75,9921元/m²,3室2厅,75m²,中层(共16层),南北通透配套成熟品质小区
德信早城 新出小户型的房子，总计低，满五年，看房有钥匙,230,44290元/m²,2室1厅,51m²,高层(共18层),近地铁近学校
无税！首付20万，70年产权住宅房，精装修，家电家具全送，急,58.8,8167元/m²,3室2厅,72m²,高层(共12层),近地铁配套成熟繁华地段
"世茂江滨花园配套成熟,交通方便,户型经典,照片实拍",199,22481元/m²,3室2厅,88m²,中层(共33层),南北通透
一楼带花园！！刚刚业主委托！70年产权住宅 南北通透配套成熟,110,12291元/m²,3室2厅,89m²,低层(共18层),南北通透配套成熟环境优美
龙湖艳澜山，地铁口，天街旁精装修三房，满两年楼层好送车位！,360,42273元/m²,3室1厅,85m²,中层(共30层),近地铁南北通透
钱塘新区旁，绿城桂语钱塘，高品质住宅，，99方三房2卫,160,16162元/m²,3室2厅,99m²,低层(共16层),南北通透
"南北通透双阳台,地铁口的婚房,纯边套户型,3成首付组合贷",190,21064元/m²,3室1厅,90m²,低层(共14层),近地铁客厅朝南三房朝南
辰秀嘉园 精装三房户型 两房朝南 全明户型 诚心出售看房方便,208,25212元/m²,3室2厅,82m²,低层(共16层),送家电采光好近地铁
"急售,万诚凰洋房,正规三房 采光号 楼层好 南北通透",195,16027元/m²,3室2厅,121m²,低层(共16层),
地铁口，精装三房，首付13W，配套齐全，租金5千，可拎包入住,115,16568元/m²,3室2厅,69m²,低层(共16层),南北通透近地铁繁华地段
东郡之星  大三房，诚心出售，南北通透,190,21358元/m²,3室2厅,88m²,低层(共32层),
大江东核心 89方送37 实用面积大 双地铁 车位可选 保真,180,21900元/m²,3室2厅,82m²,低层(共18层),近地铁配套成熟交通便利
江景家园一区 三室两厅 南北通透 全明户型 采光佳,255,29720元/m²,3室2厅,85m²,高层(共17层),南北通透配套成熟交通便利
只愿君心似我心，定不负买房意。在卖全有，南北通透，万诚凰庭,125,13921元/m²,3室2厅,89m²,高层(共14层),近地铁配套成熟交通便利
义蓬核心89方精装修带车位三开间朝南楼层好,185,20787元/m²,3室2厅,89m²,低层(共18层),环境优美交通便利品质小区
区经理力荐！低于市场价20万！送车位！房东置换！诚心卖！,245,25484元/m²,3室1厅,96m²,高层(共15层),近地铁南北通透配套成熟
星悦湾 lft毛坯满两年，双地铁口，双阳台,200,23143元/m²,3室2厅,86m²,高层(共14层),
精装无税|配套成熟|外地人可买|无需社保|可落户上学|急售|,80,9756元/m²,3室2厅,82m²,中层(共17层),南北通透环境优美品质小区
杭州下沙一手 低首付 电梯洋房 德胜高架 不摇号 精装修交付,140,15730元/m²,3室2厅,89m²,高层(共15层),客厅朝南三房朝南品质小区
品质小区|配套成熟|近地铁|可落户上学|无需社保|无税精装修,78,9512元/m²,3室2厅,82m²,中层(共17层),配套成熟繁华地段品质小区
宋都丽郡国际楼层好 D户型，大三房，地铁口，新小区,185,20787元/m²,3室2厅,89m²,中层(共17层),
公交总站旁边 三房纯毛坯低于市场价5~10万看房方便看房随时,212,23243元/m²,3室2厅,91m²,中层(共16层),
3日必卖房，下沙金沙湖，德信早城单价26000再送30方露台,298,31518元/m²,3室2厅,94m²,低层(共18层),近地铁近学校环境优美
宋都丽郡国际毛坯大三房地铁口,175,19663元/m²,3室2厅,89m²,中层(共16层),
70年产权住宅|可落户上学|无需社保|品质小区配套成熟|急售,82,9213元/m²,3室2厅,89m²,低层(共15层),南北通透环境优美
地铁口  星悦湾 86送45方 215万 带车位满二 高层,215,24879元/m²,3室2厅,86m²,高层(共15层),南北通透环境优美
琅琴湾 89方送28方 简单装修180万 真 实 房 源,180,20011元/m²,3室2厅,89m²,低层(共24层),
钱塘新区 星悦湾86送45跃层 包车位200万 中上楼层,200,23143元/m²,3室2厅,86m²,中层(共15层),近地铁配套成熟繁华地段
琅琴湾 房子满2年 包车位 190万 送28个平方 3房2厅,190,21596元/m²,3室2厅,87m²,低层(共32层),
衙前新房，万诚凰庭西边套，3房户型，近地铁口，只卖140万,140,15744元/m²,3室2厅,88m²,中层(共14层),近地铁配套成熟繁华地段
错过就后悔！！房东直降30万急卖，精装三房，性价比超高,255,20088元/m²,3室2厅,126m²,低层(共13层),近地铁南北通透
房主包税财运房！金沙湖旁边！金沙湖地铁口！无需社保！拎包入住,87,10875元/m²,3室2厅,80m²,中层(共15层),近地铁配套成熟繁华地段
衙前新房，地铁口，离市区近，89方边套3房，诚心出售142万,142,15914元/m²,3室2厅,89m²,中层(共16层),近地铁配套成熟繁华地段
70年产权住宅丨可落户上学丨首付仅需30万丨南北通透交通便利,98,11807元/m²,3室2厅,83m²,中层(共12层),南北通透配套成熟品质小区
钱塘新区中心 地铁1.6公里 89方3房双阳卫 165急售,165,18539元/m²,3室2厅,89m²,低层(共18层),三房朝南近地铁交通便利
江东新区 89方送27方 大户型三房 采光好 可按揭 双地铁,180,21789元/m²,3室2厅,82m²,低层(共18层),
房东诚心诚售 精装修三房 价格可谈 带家具家电 车位 可上学,73,9125元/m²,3室2厅,80m²,中层(共16层),南北通透环境优美素质住户
龙湖江与城附近 宋都丽郡国际 3房2卫 包车位 夹边套 保真,185,20787元/m²,3室2厅,89m²,低层(共18层),
世茂一期 一线江景房精装修南北通透 地铁口采光 随时看房,195,21783元/m²,3室2厅,89m²,中层(共13层),南北通透
湖左岸精装修跃层三房两卫，空调，三房朝南，拎包入住,380,42745元/m²,3室2厅,88m²,低层(共25层),近地铁南北通透
义蓬高品质小区 宋都丽郡国际89方 送28方价格真实 可看,185,20787元/m²,3室2厅,89m²,高层(共15层),近地铁配套成熟品质小区
东边套，3房2卫全明户型，双阳台，两房朝南，房源不多，速度了,145,16131元/m²,3室2厅,89m²,高层(共16层),两房朝南近地铁品质小区
衙前镇政府旁  毛坯大三房 全明户型 地段繁华 看房有钥匙,135,15109元/m²,3室2厅,89m²,中层(共14层),
标题,价格,均价,房子大小,总面积,楼层,优点
湖左岸精装修跃层三房两卫，空调，三房朝南，拎包入住,380,42745元/m²,3室2厅,88m²,低层(共25层),近地铁南北通透
义蓬高品质小区 宋都丽郡国际89方 送28方价格真实 可看,185,20787元/m²,3室2厅,89m²,高层(共15层),近地铁配套成熟品质小区
东边套，3房2卫全明户型，双阳台，两房朝南，房源不多，速度了,145,16131元/m²,3室2厅,89m²,高层(共16层),两房朝南近地铁品质小区
衙前万诚凰庭 边套大四房有车位 采光好 瓜沥新街萧山都近,186,13520元/m²,4室2厅,137m²,低层(共14层),近地铁配套成熟品质小区
衙前镇政府旁  毛坯大三房 全明户型 地段繁华 看房有钥匙,135,15109元/m²,3室2厅,89m²,中层(共14层),
钱塘新区 蓝色港湾 带阁楼可做四房两厅 满两年 税少随时看房,150,18046元/m²,3室2厅,83m²,共1层,
首付三成 三开间朝南 全天无遮挡 看房随时 地铁五号线延伸段,123,13941元/m²,3室2厅,88m²,高层(共15层),配套成熟次新小区品质小区
义蓬江东府品质小区 户型好 三开间朝南 地铁口,170,20712元/m²,3室2厅,82m²,低层(共17层),两房朝南一梯两户繁华地段
仅一套东裕华庭 三房两厅105万 采光充足 学 区房 楼层好,105,11954元/m²,3室2厅,87m²,低层(共33层),
89方跃层住宅，35方灵动空间，精装修拎包入住，动静分离,390,43717元/m²,3室2厅,89m²,低层(共15层),近地铁近学校南北通透
衙前万诚凰庭，绿城物业，西边套，双阳台，已开始成交，先买先省,140,15592元/m²,3室2厅,89m²,高层(共16层),两房朝南双阳台近地铁
地铁1公里大江东中心醉底价 全明户型89方可做3房 真实在售,165,18665元/m²,3室2厅,88m²,高层(共12层),近地铁交通便利繁华地段
VR保真.汇宇和庭.89平方送20平方.大3房.纯毛坯.诚售,310,34792元/m²,3室2厅,89m²,中层(共14层),近地铁
高档次新神挂牌.汇宇和庭.送20方.真 房可看可议价.急售！,310,34792元/m²,3室2厅,89m²,低层(共12层),近地铁南北通透配套成熟
西边套双阳台，东厨西卫，户型正气，房东置换萧山市区，两房朝南,140,15592元/m²,3室2厅,89m²,高层(共16层),两房朝南双阳台次新小区
星悦湾 跃层 包车位 86送45平 精装修 宋都丽郡国际旁,225,25898元/m²,3室2厅,86m²,高层(共15层),近地铁配套成熟品质小区
东郡之星新装修小三房，，新小区，满两年，送车位，诚心急卖！！,160,18004元/m²,3室2厅,88m²,中层(共16层),南北通透
兔税首付16万精装房，无需社保，来电减五万，房主车位家电,74,8241元/m²,3室2厅,89m²,低层(共17层),主卧朝南配套成熟品质小区
新登记 纯毛坯 三房朝南  有车位 近地铁 满五,238,24756元/m²,3室1厅,96m²,高层(共15层),近地铁配套成熟环境优美
天元公寓，途家包租十年，租金5千，精装送车位，产证清晰可上学,84,15492元/m²,3室2厅,54m²,中层(共12层),近学校南北通透近地铁
衙前次新房 边套大三房 纯毛坯 真真图片 看房随时 车位可选,138,15352元/m²,3室2厅,89m²,低层(共16层),近地铁配套成熟品质小区
买房送杭州户口，赠送精装修，低于市场价，可落户上学，价格可谈,59,9817元/m²,3室2厅,60m²,中层(共16层),南北通透近地铁品质小区
品质小区|配套成熟|近地铁|可落户上学|无需社保|无税精装修,60.5,8176元/m²,3室2厅,74m²,中层(共16层),配套成熟次新小区交通便利
地铁口600米 首付10万 外地人可买 带装修 送家私家电,79.5,8736元/m²,3室2厅,91m²,低层(共15层),近地铁配套成熟繁华地段
保利三房超便宜一套了！市场热度很高！这个星期会被卖掉！,170,18112元/m²,3室2厅,93m²,低层(共34层),南北通透繁华地段品质小区
70年产权住宅房|精装修|送产权车位|外地人可买|可落户上,95,11176元/m²,3室2厅,85m²,低层(共9层),南北通透环境优美
东边套，衙前可贷款，已成交两套，诚心卖的不多，地铁5号延伸线,140,15575元/m²,3室2厅,89m²,低层(共16层),两房朝南近地铁次新小区
大江东 江东府 3房2厅 采光充足 楼层好,170,20762元/m²,3室2厅,81m²,低层(共18层),
首付10万，赠送18平方，豪装3居室，落户上学无忧，家具家电,49.2,9814元/m²,3室2厅,50m²,高层(共12层),近地铁配套成熟繁华地段
大江东 新小区 实拍实价 3房2厅 中套 户型正气 采光无遮,130,14607元/m²,3室2厅,89m²,低层(共18层),近地铁配套成熟交通便利
幸福雅苑 纯边套 全明户型 南北通透 精装全送 房东诚心,380,27354元/m²,3室2厅,138m²,高层(共17层),近地铁交通便利繁华地段
衙前 镇政府旁 尚雅府 毛坯次新三房边套 户型敞亮发展好,145,16149元/m²,3室2厅,89m²,高层(共16层),安全性高繁华地段品质小区
钱塘新区 别墅群对面 包车位 跃层 满二 可做四房 随时签约,210,23956元/m²,3室2厅,87m²,中层(共15层),近地铁配套成熟品质小区
出售)  中沙新区 精装3房南北通透全明户型 性价比高,91,11098元/m²,3室2厅,82m²,中层(共15层),南北通透配套成熟素质住户
外地人可买，南北通透，产证清晰，全明户型，精装修，送产权车位,75,12712元/m²,3室2厅,59m²,中层(共12层),带车库交通便利素质住户
钱塘新区大江东义蓬宋都丽郡双地铁口三房朝南采光好,272,20606元/m²,3室2厅,132m²,中层(共15层),新房房源
大平层110送15平  全新装修 满两年 245万,245,22144元/m²,3室2厅,110m²,高层(共15层),近地铁配套成熟品质小区
买房送车位，无社保可买，一路之隔是名校，可落户上学，价格可谈,98,11951元/m²,3室2厅,82m²,中层(共15层),近地铁配套成熟繁华地段
精装无税|配套成熟|外地人可买|无需社保|可落户上学|急售|,95,10673元/m²,3室2厅,89m²,中层(共17层),南北通透环境优美品质小区
宋都丽郡国际 3室南北通透，带车位 楼层 边套！,212,23820元/m²,3室2厅,89m²,高层(共17层),
无需社保，地铁口住宅，产证齐全当天可签房东诚心出售送装修,77.7,8730元/m²,3室2厅,89m²,中层(共15层),近地铁配套成熟繁华地段
大都文苑风情 3房2厅 精装 3房朝南 大露台 地铁 口,260,19586元/m²,3室1厅,132m²,低层(共11层),近地铁近学校配套成熟
再次降价急售丨精装修三房送车位丨首付20万丨南北通透产权清晰,87,10610元/m²,3室2厅,82m²,中层(共12层),南北通透环境优美
包租十年，租金5千，近地铁，房东包税，精装送花园，诚意来电！,78,12264元/m²,3室2厅,63m²,高层(共16层),南北通透近地铁繁华地段
很诚心卖的 价格真实 看中可以面谈 房子先看 海天城 3房,300,22463元/m²,3室2厅,133m²,中层(共16层),近地铁配套成熟品质小区
150万带车位，中上楼层，可按揭，三房两厅1卫，衙前政府旁,140,15766元/m²,3室2厅,88m²,低层(共15层),两房朝南房型正近地铁
"龙湖二期 大三房 纯边套,送70万精装修 业主诚售",490,38583元/m²,3室2厅,127m²,低层(共22层),南北通透
验真|四季广场经典LOFT|实用面积80平|自带商业|近地铁,115,19828元/m²,3室1厅,58m²,低层(共23层),南北通透
70年产权 以租养贷 包租4000 投姿手选 赠送车位 急售,88,10000元/m²,3室2厅,88m²,低层(共15层),配套成熟繁华地段品质小区
外地可买|可落户上学|外地人可买|无税精装修|近地铁|送车位,90,10176元/m²,3室2厅,88m²,高层(共15层),配套成熟交通便利品质小区
钱塘新区双地铁 学校旁 89方 中间套 179万随时签合同,179,20112元/m²,3室2厅,89m²,低层(共18层),两房朝南近地铁品质小区
地铁口 星悦湾 110送15方  全新45万精装修  满二,245,22076元/m²,3室2厅,110m²,高层(共15层),近地铁配套成熟品质小区
精装修大三房周边配套成熟,390,25161元/m²,3室2厅,155m²,中层(共13层),近地铁近学校
清雅苑大三房 户型方正 电梯房 看房方便,295,22321元/m²,3室2厅,132m²,低层(共17层),近地铁近学校
地铁口星悦湾110方送16方 三房 豪装 满二 中上楼层,225,20336元/m²,3室2厅,110m²,高层(共15层),
产证齐全丨可落户丨首付三成丨配套齐全丨近名校丨坐北朝南丨无税,94,12533元/m²,3室2厅,75m²,中层(共17层),南北通透配套成熟品质小区
112方赠送45方 跃层 样板房装修 包车位 满二年 随时签,255,22669元/m²,2室2厅,112m²,低层(共15层),复式房法式欧式风
米市巷豪华装修70平急售！好房不等人啊，抓紧时间下手,81,11571元/m²,3室2厅,70m²,中层(共12层),近地铁配套成熟交通便利
钱塘新区河庄街道帝景园145方边套二楼,218,15034元/m²,3室2厅,145m²,低层(共6层),
保正房源，价格低于市场价30万可自己随意装修无抵押,285,21108元/m²,3室2厅,135m²,低层(共11层),近地铁主卧朝南配套成熟
标题,价格,均价,房子大小,总面积,楼层,优点
112方赠送45方 跃层 样板房装修 包车位 满二年 随时签,255,22669元/m²,2室2厅,112m²,低层(共15层),复式房法式欧式风
米市巷豪华装修70平急售！好房不等人啊，抓紧时间下手,81,11571元/m²,3室2厅,70m²,中层(共12层),近地铁配套成熟交通便利
钱塘新区河庄街道帝景园145方边套二楼,218,15034元/m²,3室2厅,145m²,低层(共6层),
保正房源，价格低于市场价30万可自己随意装修无抵押,285,21108元/m²,3室2厅,135m²,低层(共11层),近地铁主卧朝南配套成熟
大学城北，启源.精装三房，东边套，拎包入住随时可以看房！,300,33561元/m²,3室2厅,89m²,低层(共30层),南北通透
钱塘新区，大学城北，德胜高架，三房两厅两卫，总价低，价格便宜,180,30960元/m²,3室2厅,58m²,中层(共15层),近地铁三房朝南素质住户
精装无税|配套成熟|外地人可买|无需社保|可落户上学|急售|,99,12073元/m²,3室2厅,82m²,中层(共15层),南北通透环境优美品质小区
下沙西地铁口 品质小区 全明户型 刚需三房 景观房,330,37033元/m²,3室2厅,89m²,低层(共18层),近地铁繁华地段品质小区
首付三成|重新装修|学校旁|临地铁|赠送20平|外地人可买噢,75,9225元/m²,3室2厅,81m²,高层(共17层),南北通透繁华地段品质小区
房东置换新房，首付17万，产证齐全，无税，送精装修，拎包即住,89,11125元/m²,3室2厅,80m²,中层(共12层),近地铁配套成熟品质小区
业主真实挂价 满五唯一 精装修拎包入住 产证齐全 看房方便,72,15319元/m²,3室2厅,47m²,中层(共12层),南北通透近地铁繁华地段
万诚凰庭 次新房 近5号线口  三房敞亮户型 大阳台 诚售,145,16131元/m²,3室2厅,89m²,高层(共15层),安全性高繁华地段品质小区
义蓬地铁口 112方送45方 送花园 大四房跃层 188万,188,16695元/m²,4室2厅,112m²,低层(共15层),南北通透靠近花园近地铁
品质小区|配套成熟|近地铁|可落户上学|无需社保|无税精装修,73,8047元/m²,3室2厅,90m²,低层(共17层),配套成熟繁华地段品质小区
宋都丽郡国际楼层好 边套户型，大三房，地铁口，新小区,180,20225元/m²,3室2厅,89m²,中层(共17层),
梦琴湾   小区环境好   物业好  房东诚心出售  随时看,262,20006元/m²,3室2厅,130m²,高层(共17层),近地铁
龙湖滟澜山新出毛坯三房，南北通透，楼层好，随时看房，全明户型,330,27567元/m²,3室2厅,119m²,中层(共13层),近地铁繁华地段品质小区
（新上）东郡之星 3室2厅2卫 纯毛坯 全明户型,203,22616元/m²,3室2厅,89m²,低层(共32层),南北通透
出售) 东裕华庭丨首付三成丨外地人可买丨精装修丨送产权车位丨,75,8538元/m²,3室2厅,87m²,中层(共16层),南北通透送车位次新小区
买了可以少奋斗20年！近地铁！独立产证无抵押！无税精装住宅！,72.8,8025元/m²,3室2厅,90m²,中层(共13层),南北通透配套成熟品质小区
衙前中心位置 万诚凰庭 边套毛坯次新三房 发展地段 位置好,145,16131元/m²,3室2厅,89m²,低层(共16层),安全性高繁华地段品质小区
房主因生意急转，品牌家电全不要了，价低质优，南北通透拎包入住,68,7640元/m²,3室2厅,89m²,中层(共17层),拎包入住配套成熟品质小区
多蓝水岸C2户型 精装修 全明户型 南北通透 客厅带阳台,310,22347元/m²,3室2厅,138m²,低层(共11层),近地铁
钱塘新区宏景园西边套中装送车库送储藏室满两年,170,13999元/m²,3室2厅,121m²,低层(共6层),
景冉佳园 新出大三房 送精装修20万 3房朝南 房东诚售可谈,230,28269元/m²,3室2厅,81m²,低层(共30层),近地铁
"房东急需用钱,便宜出售134平245万公寓小区房正南",245,18129元/m²,4室2厅,135m²,低层(共14层),
萧山江东新城住宅急售精装3房 首付3成 可包社保 无税送装修,63.7,8167元/m²,3室2厅,78m²,中层(共17层),南北通透近地铁品质小区
精装无税|配套成熟|外地人可买|无需社保|可落户上学|急售|,80,9756元/m²,3室2厅,82m²,中层(共17层),南北通透
阳光名城 三房朝南 楼层佳 采光好 地铁口,220,16956元/m²,3室2厅,129m²,中层(共12层),新房房源安全性高繁华地段
湖景居，新加坡进口石材！刚需LOOK！,290,32323元/m²,3室2厅,89m²,中层(共15层),近地铁配套成熟繁华地段
跃层88送45方 满两年 送车位 价格真实 205万,205,23386元/m²,3室2厅,87m²,中层(共15层),近地铁配套成熟品质小区
多蓝水岸豪装大三房，c2户型带露天大阳台，业主直降20万,335,24016元/m²,3室2厅,139m²,低层(共11层),近地铁南北通透拎包入住
外地可落户，首付16万，近地口300米，无需社保，南北通透1,90.3,15050元/m²,3室2厅,60m²,中层(共17层),近地铁配套成熟繁华地段
海天城 精装三房，诚心出售，方便看房,300,22595元/m²,3室2厅,132m²,中层(共16层),近地铁
首付12万 70年产权住宅 产证清晰无抵押 户型方正 采光好,76,11969元/m²,3室2厅,63m²,中层(共12层),南北通透近地铁繁华地段
地铁口  星悦湾 86送45方 215万 带车位满二 高层,205,23746元/m²,3室2厅,86m²,高层(共15层),
地铁口 滨江大江之星 毛坯带车位199万 3室2厅2卫 实价,199,22160元/m²,3室2厅,89m²,中层(共23层),
江东府 中间套 超高得房率 三开间朝南 随时签约 随时看房,170,20579元/m²,3室2厅,82m²,低层(共18层),配套成熟繁华地段品质小区
义蓬核心 地铁覆盖 89方白送37方 南北通透采光好 房东诚,180,20413元/m²,3室2厅,88m²,中层(共18层),近地铁配套成熟交通便利
钱塘新区 高端住宅 宋都丽郡园89方中间套3开间朝南价真可看,190,21348元/m²,3室2厅,89m²,中层(共18层),近地铁配套成熟品质小区
大江东 琅琴湾89方送28方 精装修180万 诚心出售,180,20022元/m²,3室2厅,89m²,低层(共23层),近地铁繁华地段品质小区
衙前万诚凰庭，交通方便  ，地铁正在规划中，看房随时,145,16250元/m²,3室2厅,89m²,低层(共15层),新房房源
大江东地铁口桂花城，采光好，楼层佳,160,17809元/m²,3室2厅,89m²,低层(共11层),安全性高繁华地段品质小区
铭和苑新荷坊新出精装两房，南北通透，采光好，房东诚心出售,188,21386元/m²,2室2厅,87m²,低层(共16层),近地铁繁华地段品质小区
70年产权|产证齐全|豪华装近地铁|外地人可买|南北通透|急,89,10000元/m²,3室2厅,89m²,中层(共15层),
湖景居 房东急卖 底价！,295,32909元/m²,3室2厅,89m²,高层(共15层),近地铁配套成熟繁华地段
坎山衙前 万诚凰庭 边套可更名 大三房 送南北阳台 急卖！！,148,16483元/m²,3室2厅,89m²,高层(共16层),配套成熟次新小区品质小区
义蓬高端住宅 宋都丽郡国际89方送18方 快满二了 随时可看,190,21348元/m²,3室2厅,89m²,中层(共18层),近地铁繁华地段品质小区
江湾绿苑 万诚凰庭 镇政府旁 可做四房 看房随时 税可商量,181.5,12688元/m²,3室2厅,143m²,低层(共16层),配套成熟繁华地段品质小区
首付16万，即可体验奢华生活，精装送车位，产证齐全，拎包入住,68,8500元/m²,3室2厅,80m²,中层(共12层),南北通透近地铁繁华地段
钱塘新区星悦湾86送45跃层精装满两年215万,215,24954元/m²,3室2厅,86m²,高层(共14层),客厅朝南环境优美品质小区
钱塘新区 河庄 地铁口大江之星滨江物业  3房2卫真实在售,184,20909元/m²,3室2厅,88m²,低层(共23层),
钱塘新区 蓝色港湾 89方 三房两厅 165万带 大露台,165,18496元/m²,3室2厅,89m²,中层(共15层),主卧朝南近地铁配套成熟
海天城房东自住精装修 好楼层 带空调 精装修 采光好 无遮挡,269,20197元/m²,3室2厅,133m²,中层(共15层),近地铁南北通透拎包入住
震惊！天上掉下个法拍房！近地铁！有独立产证！精装住宅房！,56.7,7461元/m²,3室2厅,76m²,中层(共16层),南北通透近地铁配套成熟
70年产权住宅，可落户上学，近地铁，學区赠送25平！送精装修,18,12000元/m²,3室2厅,15m²,中层(共16层),小户型近地铁配套成熟
品质小区 全明户型 刚需三房 景观房 周边配套齐全,330,37033元/m²,3室2厅,89m²,低层(共18层),配套成熟繁华地段品质小区
东郡之星  纯毛坯 从来没住过好房子 看房方便  好房子,190,21175元/m²,3室2厅,89m²,高层(共32层),南北通透
保利东湾三房两厅两卫 环境好 采光好 江景房无遮挡 随时看房,198,21012元/m²,3室2厅,94m²,高层(共34层),近地铁配套成熟环境优美
金沙湖铭和苑桂雨坊新出两房，南北通透全明户型采光好，近地铁,199,22033元/m²,2室2厅,90m²,低层(共11层),近地铁配套成熟繁华地段
标题,价格,均价,房子大小,总面积,楼层,优点
衙前商品房，可贷款，东边套双阳台，近小学初中，先到先得先省钱,146,16242元/m²,3室2厅,89m²,高层(共16层),两房朝南小户型双阳台
精装无税|配套成熟|外地人可买|无需社保|可落户上学|急售|,115,15333元/m²,3室2厅,75m²,中层(共17层),南北通透环境优美品质小区
"大江东临江新城板块, 无需社保 房东诚心出售，送精装修带家具",88.6,9901元/m²,3室2厅,89m²,中层(共16层),近地铁交通便利品质小区
房东自住装修 适合老人小孩居住 无需走高 出行方便 急卖！,188,21185元/m²,2室2厅,88m²,低层(共18层),远离马路靠近花园位置安静
金沙湖新出房源 精装修三房 价格美丽 景观房 全明户型,350,39277元/m²,3室2厅,89m²,低层(共18层),配套成熟环境优美繁华地段
星悦湾110方大平层 送精装修40多万 家电齐全 240万,240,21626元/m²,3室2厅,110m²,高层(共15层),
七号线地铁口 琅琴湾89方 带装修 满二年 价格真实 可看房,195,22086元/m²,3室2厅,88m²,低层(共30层),近地铁配套成熟品质小区
宋都大盘东郡国际 户型方正 采光很好 而且房东诚心出售出行方,195,22104元/m²,3室2厅,88m²,中层(共33层),主卧朝南近地铁品质小区
海天城 精装 大三房 配套齐全 小区环境好 学正学小,280,20966元/m²,3室2厅,133m²,中层(共16层),近地铁安全性高繁华地段
地铁口 江东府 82加23方 3室2厅 全明户型 诚售,185,22509元/m²,3室2厅,82m²,低层(共18层),近地铁配套成熟品质小区
新沙家园  配套齐全 环境好,290,25354元/m²,2室2厅,114m²,低层(共14层),近地铁
买房低于市场价100000，外地可买无税好房，地铁口500米,70,10000元/m²,3室2厅,70m²,中层(共15层),近地铁配套成熟品质小区
业主深夜挂牌，挥泪急售爱房！首付10万，满五无税拎包即可入住,74,8269元/m²,3室2厅,89m²,中层(共17层),拎包入住配套成熟品质小区
新沙家园新出简装两房，楼层采光好，全明户型，诚心出售随时看房,171,19469元/m²,2室1厅,87m²,中层(共14层),近地铁繁华地段品质小区
精装三房送全新家电丨首付仅需22万丨产权清晰丨交通便利近地铁,73,8311元/m²,3室2厅,87m²,中层(共12层),南北通透配套成熟品质小区
双阳台，明厨明卫，两房朝南，大江东钱塘新区，中上楼层，纯毛坯,186,20899元/m²,3室2厅,89m²,中层(共18层),近地铁配套成熟品质小区
首付90万大三房，免双税，精装30万，地铁400米，拎包入住,298,22990元/m²,3室2厅,129m²,低层(共27层),近地铁送家电拎包入住
云水苑小区，文海学校。地铁口。房东自住精装修全新，一梯一户,310,23308元/m²,3室2厅,133m²,低层(共6层),小区中心地中海风交通便利
房东置换急售，首付18万即可签约过户，产证齐全，无税送精装修,99,11124元/m²,3室2厅,89m²,中层(共12层),近地铁配套成熟品质小区
保利湾天地精装大跃层，房东诚心出售，带车位,120,12766元/m²,2室2厅,94m²,低层(共17层),南北通透跃层式品质小区
梦琴湾 温馨大两房 自住精装修 家居家电全 车位,240,26652元/m²,3室2厅,90m²,中层(共17层),近地铁采光好交通便利
店长力荐 世茂精装三房 东边套 房东急售 价格可谈,188,21067元/m²,3室2厅,89m²,低层(共33层),近地铁南北通透拎包入住
钱塘新区成熟板块，义蓬购物中心旁边，一楼带大花园的住宅诚售,175,15086元/m²,3室2厅,116m²,低层(共11层),近地铁配套成熟交通便利
品质小区|配套成熟|外地人可买|可落户上学|月租3000|,58,8004元/m²,3室2厅,72m²,中层(共16层),配套成熟繁华地段品质小区
宋都刚需 钱塘规划中心 车位可选 采光好，随时可签 保真,195,21910元/m²,3室2厅,89m²,低层(共18层),近地铁配套成熟交通便利
高品质现房 50万装修 满两年 送车位 260万,260,23113元/m²,3室2厅,112m²,低层(共15层),近地铁配套成熟品质小区
地铁口 江东府 3室2厅 195万 包车位 中上楼层,195,24062元/m²,3室2厅,81m²,中层(共18层),近地铁配套成熟品质小区
大学城北东郡国际欧式精装40万 三开间朝南光视野好房东诚心卖,220,25578元/m²,3室2厅,86m²,高层(共18层),拎包入住
双阳台精装3房 南北通透 江景房 户型好 得房率高 置换的,200,23170元/m²,3室2厅,86m²,高层(共43层),两房朝南双阳台送家电
东郡之星，小三房的福音，新交付二手更比一手新，下沙户型,198,22172元/m²,3室2厅,89m²,低层(共34层),双阳台
万诚凰廷 有车位 两房可三房 南北通透 采光无遮挡 急卖！,135,15301元/m²,3室2厅,88m²,高层(共16层),配套成熟次新小区品质小区
世茂江滨花园 89方 两房 一线江景精装修 中间楼层 诚心卖,190,21368元/m²,3室1厅,88m²,中层(共33层),近地铁拎包入住
保利城市果岭 大三房 双阳台双卫生间户型正气楼层好 江景房,245,28064元/m²,3室2厅,87m²,中层(共34层),南北通透小户型
琅琴湾 89送28方  送车位 地铁口 低 价出售,190,21520元/m²,3室2厅,88m²,低层(共32层),
海天城 精装修房东急售 近地铁出行方便 配套齐全商业街综合体,320,23961元/m²,3室2厅,133m²,中层(共16层),近地铁繁华地段品质小区
多蓝水岸 C2户型 精装60万 带大露台 拎包即可入住！,275,19535元/m²,3室2厅,140m²,低层(共11层),近地铁配套成熟环境优美
观澜时代精装三房，一线江景，拎包入住，业主置换,240,27804元/m²,3室2厅,86m²,高层(共44层),拎包入住
河庄地铁口钱塘新区 185万送装修 绿化率高 南北通透 急卖,185,21023元/m²,3室2厅,88m²,低层(共23层),南北通透环境优美
衙前镇政府旁，万诚凰庭纯西边套，大三房，中层采光佳，真实急售,142,15893元/m²,3室2厅,89m²,中层(共15层),双阳台小区中心位置安静
世茂江滨花园  江景房 大两房空间大 价格可谈,255,28365元/m²,3室2厅,89m²,中层(共33层),近地铁配套成熟品质小区
保利玫瑰湾，三房两卫，双阳台，一线江景房，房东坐等签约,198,22262元/m²,3室2厅,88m²,中层(共33层),南北通透
龙湖艳澜山，地铁口，天街旁精装修三房，满两年楼层好诚心出售！,360,42273元/m²,3室1厅,85m²,中层(共30层),近地铁
铭和苑探梅坊新出简装三房，南北通透，楼层好，房东诚心出售,181,20561元/m²,3室1厅,88m²,高层(共18层),近地铁繁华地段品质小区
精装修30万  上下两层  户型好  视野宽阔 采光足,245,28618元/m²,3室2厅,85m²,高层(共33层),
地铁7号线琅琴湾89送28方精装无车位可按揭195万,195,22086元/m²,3室2厅,88m²,低层(共32层),
自住装修边套三房！中间楼层 南北通透 有车位 房东诚卖！,230,25933元/m²,3室2厅,88m²,高层(共33层),近地铁南北通透拎包入住
双地铁 钱塘核心 配套齐全 双阳卫 花园楼 王小区 真实价格,187,21011元/m²,3室2厅,89m²,低层(共18层),近地铁配套成熟交通便利
保利玫瑰湾 纯边套毛坯三房 超大双阳台 全透明户房  诚售,225,25516元/m²,3室2厅,88m²,中层(共34层),全南户型景观房房型正
产证在手 随时签合同 主卧次卧带阳台 南北通透 采光无遮挡,185,20787元/m²,3室2厅,89m²,低层(共18层),双阳台近地铁环境优美
保利玫瑰湾 房东我朋友 因生意急需用钱 诚心急卖 看房方便,220,24736元/m²,3室2厅,88m²,中层(共34层),南北通透双阳台房型正
"观澜时代郎轩精装三房,满两年,自住精装修,送家具家电,采光好",225,24220元/m²,3室2厅,92m²,高层(共33层),南北通透
多蓝水岸三房两卫！送50万装修！送50平大露台！过江隧道边上,328,23300元/m²,3室2厅,140m²,低层(共11层),近地铁安全性高繁华地段
丰隆百翘香江。精装修大三房。装修清爽。有车位。拎包即可入住,238.5,26681元/m²,3室2厅,89m²,低层(共30层),素质住户繁华地段品质小区
急售 无税！70年产权住宅房 外地人可买可落户可上学，送精装,120,13056元/m²,3室2厅,91m²,中层(共12层),南北通透配套成熟品质小区
宋都丽郡 89房 边套 楼层好 包车位 218万 随时看房,218,24393元/m²,3室2厅,89m²,高层(共18层),
东郡国际 新上好房，房东精装自住，纯边套的户型！,205,23561元/m²,3室2厅,87m²,低层(共33层),靠近花园拎包入住繁华地段
"宋都东郡国际,精装大3房,精豪华装修,南北通透,",240,27736元/m²,3室2厅,86m²,高层(共34层),南北通透
钱塘新区  琅琴湾89方送28方 包车位200万诚心出售,205,22854元/m²,3室2厅,89m²,中层(共32层),
湖左岸新出精装带地暖跃层满五好房,390,43401元/m²,3室2厅,89m²,高层(共30层),近地铁南北通透配套成熟
万诚凰庭  尚雅府 西边套 楼层中上 采光无遮挡 看房有钥匙,140,15669元/m²,3室2厅,89m²,中层(共16层),配套成熟素质住户品质小区
标题,价格,均价,房子大小,总面积,楼层,优点
东郡之星。城北的次新小区，现房纯毛坯，边套采光好。三房两卫,190,21277元/m²,3室2厅,89m²,低层(共30层),南北通透赠露台次新小区
保利央企，毛坯大3房，南北通透纯东边套，双弧形阳台，中间楼层,235,26650元/m²,3室2厅,88m²,中层(共32层),近地铁配套成熟繁华地段
房东急售 70年产权精装修住宅房 南北通透产证齐全 随时看房,90,10112元/m²,3室2厅,89m²,中层(共20层),南北通透环境优美品质小区
江语海  毛坯新房 文海教育 一线江景 南北通透,300,33587元/m²,3室2厅,89m²,低层(共34层),近地铁交通便利素质住户
晨光豪华跃层大三房！房东诚心出售！,235,26823元/m²,3室2厅,87m²,中层(共32层),近地铁
世茂江滨花园 边套三房 精装修  拎包入住置换急售,215,24087元/m²,3室2厅,89m²,低层(共29层),近地铁繁华地段品质小区
朗轩边套带大入户花园，精装自住三房 清爽舒适 房东置换,230,26178元/m²,3室2厅,87m²,高层(共34层),南北通透
万诚凰庭大三房有车位 5号线附近 镇政府旁 20min到市区,182,12723元/m²,3室2厅,143m²,中层(共16层),近地铁配套成熟品质小区
满两年70年住宅精装修 随时看房 随时过户 楼层好 房东急卖,85,9512元/m²,2室1厅,89m²,共5层,近地铁配套成熟繁华地段
金沙湖公园旁 景观房 全明户型 品质小区 环境好 绿化高,330,37033元/m²,3室2厅,89m²,低层(共18层),近地铁繁华地段品质小区
海天城 地铁口 精装大3房 双阳台 满5且唯1 看房方便诚售,280,21602元/m²,3室2厅,129m²,低层(共27层),近地铁配套成熟环境优美
龙湖艳澜山，地铁口，天街旁精装修三房，满两年楼层好送车位！,360,42273元/m²,3室1厅,85m²,中层(共30层),近地铁南北通透
宋都东郡国际，全新精装修大三房，两房朝南。拎包入住,225,25679元/m²,3室2厅,87m²,中层(共33层),南北通透
钱塘新区江东新城七号线地铁口 琅琴湾89送28方前排位置,180,20011元/m²,3室2厅,89m²,低层(共24层),近地铁交通便利品质小区
坎山万诚凰庭 地铁5号线延伸段 一手二手都有 大三房东边套,141.5,15741元/m²,3室2厅,89m²,高层(共16层),配套成熟交通便利品质小区
海天城 自住精装修 2室2厅1卫 中间楼层 诚心出售 急！,275,28622元/m²,2室2厅,96m²,中层(共16层),近地铁环境优美品质小区
丽泽苑大学城北 精装三房可上学 70年产权 南北通透配套成熟,110,12500元/m²,3室2厅,88m²,中层(共18层),南北通透配套成熟环境优美
品质小区|无税急售|20万精装全送|外地人可买|可按揭可落户,70,7955元/m²,3室2厅,88m²,中层(共17层),南北通透繁华地段品质小区
宋都东郡国际。精装修大三房。两房朝南。南北通透。拎包即可入住,218,24846元/m²,3室2厅,87m²,中层(共17层),南北通透
"保利东湾边套大三房,105方满5年,精装修，业主用钱诚心急卖",255,24316元/m²,3室2厅,104m²,低层(共34层),南北通透
豪华装修大三房！房间配套齐全，拎包即可入住！,245,27374元/m²,3室2厅,89m²,高层(共31层),近地铁
多蓝水岸 舒适三房，得房率高,225,17725元/m²,3室2厅,126m²,低层(共11层),近地铁位置安静田园风
地铁口 江东府 82方3房2卫 195万 包车位 诚售,195,23757元/m²,3室2厅,82m²,高层(共18层),南北通透环境优美
"万诚凰庭洋房,正规三房 采光号 楼层好 南北通透",140,15868元/m²,3室2厅,88m²,高层(共16层),
大江东盛都苑137方简装带自行车库满两年195万,195,14219元/m²,3室2厅,137m²,共5层,
世茂边套 三房 房东诚心出售 价格可以 好房等你来,200,22411元/m²,3室2厅,89m²,低层(共33层),近地铁安全性高繁华地段
义蓬政府边上 宋都品质 夹边套 看房方便 随时签约 采光无挡,178,20000元/m²,3室2厅,89m²,低层(共18层),近地铁配套成熟品质小区
精装无税|配套成熟|外地人可买|无需社保|可落户上学|急售|,120,16438元/m²,3室1厅,73m²,中层(共17层),南北通透环境优美品质小区
清雅苑 大3房 南北通透 中间楼层 客厅朝南 房东诚心卖,260,23961元/m²,3室2厅,108m²,低层(共6层),近地铁近学校
大业江东府 地铁口次新房 花园式洋房 毛坯6楼 有图有真像,188,22960元/m²,3室2厅,81m²,低层(共18层),两房朝南厅带阳台次新小区
琅琴湾 带装修 带车位 满2年 230万 真实照片,230,26726元/m²,3室2厅,86m²,高层(共32层),
柠檬郡家园 刚需三房 纯毛坯 可自行装修设计看房方便 有钥匙,260,29011元/m²,3室2厅,89m²,低层(共29层),近地铁配套成熟繁华地段
未来钱塘中心 地铁口 车位可自选 可按揭樶抵价只此一套 诚心,190,21348元/m²,3室2厅,89m²,中层(共18层),近地铁配套成熟繁华地段
70年产权精装修住宅，配套成熟可落户上学，交通便利，配套成熟,99,11134元/m²,2室2厅,88m²,高层(共15层),次新小区交通便利素质住户
琅琴湾 带车位 满两年 带20万精装修 地铁口 三湖环绕,215,24352元/m²,3室2厅,88m²,高层(共32层),大两房独立电梯品质小区
万泰华庭88方毛坯 三房全明户型 满两年 东边套148万！,148,16809元/m²,3室2厅,88m²,高层(共6层),
火爆！宋都东郡国际 清爽简约大三房 价格真实 方便约看房的,185,21199元/m²,3室2厅,87m²,低层(共33层),环境优美交通便利品质小区
宋都晨光国际 豪装三房 看房方便 欧式装修配置 265万,265,29876元/m²,3室2厅,88m²,低层(共42层),近地铁配套成熟次新小区
"东郡之星 大三房纯边套双阳台 采光没遮挡,次新小区 带车位",196,21948元/m²,3室2厅,89m²,中层(共30层),南北通透
房东忍痛割爱 整个小区仅有四套 全新三房三卫20方大露台,100,14706元/m²,3室2厅,68m²,高层(共17层),南北通透小户型拎包入住
星悦湾新出120方大洋房 豪华装修送车位花园  家具家电全送,260,19402元/m²,3室2厅,134m²,低层(共15层),近地铁素质住户繁华地段
湖左岸新出房源 纯毛坯 中间楼层 看房有钥匙 房东诚售,370,41258元/m²,3室2厅,89m²,高层(共20层),近地铁
实楼下就是地铁 包车位 满二年 简装修 拎包入住 随时看房,188,21368元/m²,3室2厅,87m²,低层(共33层),近地铁配套成熟繁华地段
标准三房 户型端正 一线江景  独门独户 客厅带阳台全明户型,250,26531元/m²,3室2厅,94m²,高层(共33层),南北通透
新上金沙湖板块 精装边套南北双阳台 家具家电全送 业主置换急,185,22644元/m²,2室2厅,81m²,高层(共16层),南北通透
德信早城 地铁旁 急售 龙湖天街附近 金沙湖中心地带,330,37221元/m²,3室2厅,88m²,高层(共33层),近地铁近学校小户型
品质小区|配套成熟|近地铁|可落户上学|无需社保|无税精装修,86,10118元/m²,3室2厅,85m²,中层(共18层),配套成熟繁华地段品质小区
龙湖丽轩跃层  享三房 近地铁 金沙湖畔 有钥匙！,249,30809元/m²,3室1厅,80m²,中层(共23层),近地铁配套成熟环境优美
一线江景房 户型方正  南北通透 三房 低于市价15万,210,24481元/m²,3室2厅,85m²,中层(共43层),南北通透
梦琴湾，学正，精装大两房，周边东东城，吃喝玩乐安排，随时看房,215,24125元/m²,3室2厅,89m²,低层(共32层),近地铁配套成熟次新小区
急急急！捡漏的来！！夫妻离婚分割财产！买进价出手啦！可落户！,68.3,8756元/m²,3室2厅,78m²,高层(共16层),南北通透近地铁繁华地段
城市果岭三房两卫双阳台纯东边套全屋硅澡泥精装好房,210,23918元/m²,3室2厅,87m²,高层(共34层),
柠檬郡家园 精装修 小区自带游泳池 健身房 江景房 视野开阔,270,30337元/m²,3室2厅,89m²,高层(共26层),近地铁南北通透
"碧桂园新出89方,自住精装修，家电家具全送,房东诚心出售",198,22215元/m²,3室2厅,89m²,低层(共33层),南北通透
保利江语海 精装自住好房 温馨舒适干净清爽 读文海 诚心出售,310,36922元/m²,3室2厅,83m²,中层(共34层),近地铁拎包入住
"边套两房！ 装修好,南北通透 送10平方 低于市场价10万",210,23777元/m²,2室2厅,88m²,低层(共35层),南北通透
房东急售 产证齐全 可落户上学 精装住宅 随时看房 拎包入住,80,9069元/m²,2室2厅,88m²,中层(共15层),南北通透繁华地段品质小区
多蓝水岸 多层住宅 全新精装修没住过 得房率高 南北通透,205,22045元/m²,2室2厅,92m²,低层(共6层),近地铁南北通透品质小区
实验小学对面 东裕华庭 89方 A1户型 3室2厅 115万,115,12846元/m²,3室2厅,89m²,中层(共33层),配套成熟交通便利品质小区
东郡之星  纯毛坯 从来没住过好房子 看房方便  好房子,190,21175元/m²,3室2厅,89m²,高层(共32层),南北通透
标题,价格,均价,房子大小,总面积,楼层,优点
房东急售 产证齐全 可落户上学 精装住宅 随时看房 拎包入住,80,9069元/m²,2室2厅,88m²,中层(共15层),南北通透繁华地段品质小区
观澜时代朗轩苑豪装三房，房东诚心卖房，跃层格局 可利用空间多,346,34621元/m²,3室2厅,99m²,中层(共32层),
萧山核心板块丨精装修二房送车位丨再次降价首付低丨居家投咨必选,78,9556元/m²,2室2厅,81m²,中层(共12层),南北通透配套成熟品质小区
保利东湾！精装修25万！户型方正！房东诚心出售！,198,22190元/m²,2室2厅,89m²,低层(共34层),
房东回国急卖 观澜时代纯边套 ，毛坯随意发挥，照片实拍随时看,190,21356元/m²,3室2厅,88m²,高层(共32层),南北通透
保利东湾 精装40万 大3房 房东诚心卖,275,29249元/m²,3室2厅,94m²,低层(共34层),
靠近地铁口 目前空置着 房东钥匙在我们这 急卖 看房随时,180,20170元/m²,3室2厅,89m²,低层(共33层),近地铁环境优美品质小区
杭州大湾区外地人可买精装70年产权住宅首付25万,128,15621元/m²,3室2厅,81m²,中层(共55层),南北通透繁华地段品质小区
70年产权精装住宅，可过户，产权清晰，赠送15平，价格可谈.,61,8243元/m²,2室2厅,74m²,低层(共12层),次新小区交通便利素质住户
衙前万诚凰庭 大三房两明卫 首付三成可贷款 看房随时 亏本卖,137,15258元/m²,3室2厅,89m²,高层(共16层),配套成熟次新小区品质小区
万泰华庭88方毛坯 三房全明户型 满两年 东边套158！,158,17944元/m²,3室2厅,88m²,中层(共6层),近地铁交通便利安全性高
城市果岭 精装三房 南北通透 全明户型 诚心出售,251,28038元/m²,3室2厅,89m²,中层(共27层),南北通透拎包入住
总价低位置好丨外地人可买丨品质小区丨随时看房丨无税精装送家具,72.2,8000元/m²,3室2厅,90m²,中层(共6层),配套成熟繁华地段品质小区
多蓝水岸 多层住宅 全新精装修没住过 得房率高 南北通透,205,22045元/m²,2室2厅,92m²,低层(共6层),近地铁南北通透品质小区
世茂江滨花园瑞景湾 三房纯西边套 地铁五十米 江景房,195,21930元/m²,3室2厅,88m²,中层(共33层),近地铁配套成熟环境优美
宋都晨光国际地铁口，精装修拎包入住，跃层户型动静分离，大三房,240,27057元/m²,3室2厅,88m²,中层(共33层),近地铁南北通透
实验小学对面 东裕华庭 89方 A1户型 3室2厅 115万,115,12846元/m²,3室2厅,89m²,中层(共33层),配套成熟交通便利品质小区
夹边套，有车位，宋都品质，三开间朝南，大阳台，楼层好，景观房,190,21348元/m²,3室2厅,89m²,中层(共18层),繁华地段品质小区低密度
东裕华庭 89方  A1户型 3开间朝南 中上楼层 115万,115,12808元/m²,3室2厅,89m²,高层(共32层),近地铁配套成熟品质小区
钱塘新区义蓬阳光名城二期小高层124方毛坯,190,15334元/m²,3室2厅,123m²,低层(共11层),厅带阳台一梯两户次新小区
东郡之星  纯毛坯 从来没住过好房子 看房方便  好房子,190,21175元/m²,3室2厅,89m²,高层(共32层),南北通透
东裕华庭 A5户型 精装修30万 楼层好 3房2厅2卫,135,15037元/m²,3室2厅,89m²,高层(共33层),
湖左岸 精装修  跃层  看房方面,340,37837元/m²,3室2厅,89m²,高层(共30层),近地铁三房朝南配套成熟
新上！买房送40万精装修，龙湖 有车位,340,39859元/m²,3室2厅,85m²,高层(共19层),近地铁小户型拎包入住
观澜时代三房86方  一线江景房 户型方正 有露台 南北通透,200,23315元/m²,3室2厅,85m²,高层(共33层),
外地可买|可落户上学|外地人可买|无税精装修|近地铁|送车位,70,9211元/m²,3室2厅,76m²,中层(共13层),配套成熟交通便利品质小区
精装修 一线江景房 楼层好 采光通风无影响 拎包入住送车位！,235,26599元/m²,3室2厅,88m²,低层(共42层),环境优美次新小区品质小区
地鉄精致户型，5.8米层高 絶版户型！额外得一层面积 随时看,265,30775元/m²,3室2厅,86m²,中层(共32层),近地铁景观房品质小区
"金沙湖畔,实用三房 银泰旁边,小区自带游泳池,房东诚心卖",270,30664元/m²,3室2厅,88m²,低层(共29层),近地铁南北通透
多蓝水岸 南北通透 房东诚心出售,220,17290元/m²,3室2厅,127m²,低层(共11层),近地铁靠近花园采光好
宋都晨光国际89方！独门独户！自住精装！置换诚售！看房方便！,268,29944元/m²,3室2厅,89m²,高层(共33层),近地铁安全性高繁华地段
钱塘中心 地铁口 87方送30方 朝南3房 精装修 真 房源,194,23484元/m²,3室2厅,82m²,高层(共18层),近地铁配套成熟交通便利
精装修，拎包入住 户型好采光足，低于市场20万,260,27654元/m²,3室2厅,94m²,低层(共33层),
（新上）东郡之星 全新小区 3房2厅2卫 随时看房 自由装修,201,22426元/m²,3室2厅,89m²,低层(共32层),南北通透
保利城市果岭 89方 三房 两卫 双阳台 急售价格212万,203,23171元/m²,3室2厅,87m²,高层(共34层),配套成熟次新小区交通便利
世茂江滨花园一期碧景湾，全新豪装三房，家具家电送，满五唯一！,175,19770元/m²,3室2厅,88m²,中层(共33层),南北通透
德意*苑精装修双地铁口，政府旁边*楼盘,220,17604元/m²,3室2厅,124m²,共5层,
央企大3房 客厅带阳台 南北通透 婚房装修40万 看房有钥匙,229,24302元/m²,3室2厅,94m²,高层(共34层),南北通透
家具家电全送，大学城北，边套 精装修 大三房,220,25284元/m²,3室2厅,87m²,高层(共33层),
世茂峻景湾 新上精装修三房 自住精装30万 房东置换市区,220,24653元/m²,3室2厅,89m²,高层(共33层),近地铁安全性高繁华地段
边套三房两卫，精装40万，可做婚房，送35方面积，实用的新家,245,26103元/m²,3室2厅,93m²,中层(共34层),拎包入住近地铁配套成熟
大江东 琅琴湾89送28方 180万 大三房,180,20022元/m²,3室2厅,89m²,高层(共23层),
晨光国际 精装修跃层 性价比高 有车位 靠近地铁江滨站！,310,34949元/m²,3室2厅,88m²,低层(共42层),近地铁跃层式送车位
无税！外地人可买，70年产权，品质小区，精装修，可落户上学,80,10000元/m²,3室2厅,80m²,中层(共22层),南北通透配套成熟环境优美
火爆。宋都东郡国际。精装修大三房。有车位。三阳台。带地暖。,216.8,24251元/m²,3室2厅,89m²,中层(共18层),次新小区繁华地段品质小区
捡漏 东郡国际 精装 大三房 拎包入住 价格223万 可谈,223,25451元/m²,3室2厅,87m²,中层(共33层),配套成熟环境优美次新小区
世茂一期 地铁口 精装三房 东边套 能看江景 价格可谈,230,25869元/m²,3室2厅,88m²,低层(共33层),景观房拎包入住近地铁
房东置换大套 30万精装修 毛坯价出售 家电家具全送 诚心售,175,20113元/m²,3室2厅,87m²,高层(共33层),南北通透
铭和苑新荷坊 东边套 精装修20万 南北通透 急卖,188,21386元/m²,2室2厅,87m²,低层(共16层),近地铁配套成熟繁华地段
"下沙,东郡之星,大三房,户型方正,南北通透,采光全明,诚心",210,23516元/m²,3室2厅,89m²,中层(共25层),南北通透
城市果岭 精装三房 双阳台 全明户型 诚心出售 随时看房,220,25057元/m²,3室2厅,87m²,中层(共33层),南北通透配套成熟交通便利
无税！地铁站800米！无需社保！外地户口可买！精装修拎包入住,75,9375元/m²,3室2厅,80m²,高层(共8层),近地铁配套成熟繁华地段
宋都晨光国际，纯边套客厅有飘窗近下沙江滨地铁站，出行方便,180,20546元/m²,3室2厅,87m²,中层(共33层),近地铁配套成熟环境优美
"宋都东郡边套三房两卫,送车位,精装满两年",250,28732元/m²,3室2厅,87m²,高层(共33层),南北通透拎包入住
品质小区丨精装送家电丨红本无税丨配套成熟丨南北通透丨看房方便,92,11220元/m²,3室2厅,82m²,中层(共23层),近地铁近学校南北通透
买房经不起观望 该出手时就出手 这才是硬道理 拎包入住,160,17778元/m²,3室2厅,90m²,低层(共19层),近地铁配套成熟交通便利
观澜6.19总监力荐 精装大三房装修风格暖心 满五送超大入户,235,26747元/m²,3室2厅,87m²,高层(共29层),采光好房型正拎包入住
观澜时代天筑，一线江景房，30万精装三房 房东诚售 欢迎看房,216,25231元/m²,3室2厅,85m²,高层(共33层),拎包入住
大江东 义蓬宋都丽郡国际 89方中楼层 185万 诚心出售,185,20787元/m²,3室2厅,89m²,中层(共18层),近地铁繁华地段品质小区
宋都晨光国际 纯西边套 30万精装修 诚心出售 看房方便,270,30259元/m²,3室2厅,89m²,低层(共33层),近地铁拎包入住配套成熟
标题,价格,均价,房子大小,总面积,楼层,优点
大江东 义蓬宋都丽郡国际 89方中楼层 185万 诚心出售,185,20787元/m²,3室2厅,89m²,中层(共18层),近地铁繁华地段品质小区
宋都晨光国际 纯西边套 30万精装修 诚心出售 看房方便,270,30259元/m²,3室2厅,89m²,低层(共33层),近地铁拎包入住配套成熟
急！刚需必看！无需社保 精装3房 包租3K易租售 房东包税！,80,17021元/m²,3室2厅,47m²,中层(共16层),南北通透环境优美品质小区
大江东 大江之星 滨江物业 高端品质 采光不遮挡 房东急售,170,20988元/m²,3室2厅,81m²,低层(共25层),近地铁配套成熟品质小区
甩卖急售，东岸家园划算小两房，已低市场价还能大砍价,180,30313元/m²,2室1厅,59m²,低层(共15层),近地铁繁华地段品质小区
房东生意失败，挥泪卖房还债，首付20万可公积金，精装修近地铁,74,8916元/m²,3室2厅,83m²,中层(共12层),近地铁配套成熟品质小区
江语海纯毛胚户型方正一线江景好楼层急售南北通透,255,30749元/m²,3室1厅,82m²,高层(共32层),近地铁素质住户繁华地段
景色连天 景色迷人 爱人相伴永相随 高层精装南北通透,149,19306元/m²,3室2厅,77m²,低层(共17层),安全性高繁华地段品质小区
南北朝向 精装修 南北朝向 主卧带阳台 东边套,200,22751元/m²,2室2厅,87m²,低层(共16层),主卧朝南南北通透厨卫朝北
高档小区 超值户型 3室2厅1厨2卫 楼层 地铁超近！,199,22874元/m²,3室2厅,87m²,高层(共23层),
萧山南 首付18万精装品质住宅 风景区半杭州经济圈！,79.8,9021元/m²,3室2厅,88m²,高层(共9层),
宋都丽郡国际 带车位毛坯房 楼层好 采光南北通透 地铁口旁边,203,22606元/m²,3室2厅,89m²,低层(共18层),独立电梯一梯两户位置安静
出售，钱塘新区，星悦湾精装 跃层 满两年 大三房 看房随时！,210,24303元/m²,3室2厅,86m²,高层(共15层),
保利东湾 中间楼层 客厅带阳台 江景视野好 东边套,225,23835元/m²,3室2厅,94m²,低层(共34层),配套成熟环境优美素质住户
碧桂园 精装大三房 房东自住精装修  有车位 诚心出售,185,20766元/m²,3室2厅,89m²,高层(共30层),南北通透
保利东湾 豪装55万 温馨三房 可做婚房 50方露台 没住过,288,27463元/m²,3室2厅,104m²,低层(共34层),南北通透繁华地段品质小区
万泰华庭88方毛坯 三房全明户型 满两年 东边套148万！,148,16809元/m²,3室2厅,88m²,高层(共6层),两房朝南位置安静近地铁
急降25万，百翘香江 89房住宅 大三房精装修50万，,215,24363元/m²,3室2厅,88m²,高层(共22层),南北通透
钱塘新区 江东府82送23方 三房朝南 简装 中间楼层,178,21547元/m²,3室2厅,82m²,中层(共17层),三房朝南一梯两户近地铁
火爆。宋都东郡国际。纯边套。纯毛坯大三房。南北通透。采光全明,195.8,22436元/m²,3室2厅,87m²,低层(共34层),素质住户繁华地段品质小区
包税！房主生意周转，首付只需10万，外地无需社保，可落户上学,76,8172元/m²,4室2厅,93m²,中层(共17层),拎包入住配套成熟品质小区
世茂江滨花园89方三房 楼上看钱塘江楼下坐地铁，价格能谈很多,190,21224元/m²,3室2厅,89m²,高层(共13层),南北通透
205万带车位 ! 送中央空调！ 送硬装修，205万，确定卖,205,23034元/m²,3室2厅,89m²,中层(共23层),
好房急售 精装修外地人可买 周边配套成熟 交通便利 随时看房,110,12249元/m²,2室2厅,89m²,低层(共11层),南北通透配套成熟环境优美
柠檬郡精装三房  客厅带阳台 中间楼层 采光全天无遮挡,300,30794元/m²,3室2厅,97m²,低层(共32层),近地铁交通便利繁华地段
诚售，萧山市场难寻，全小区性价比超 高一套精装三房 首付低,130,14603元/m²,3室2厅,89m²,中层(共17层),近地铁配套成熟安全性高
宋都丽郡国际89方双地铁口交通方便 ，全明户型,185,20787元/m²,3室2厅,89m²,低层(共18层),
7号线 地铁口 琅琴湾88送28方 190万包车位 假一赔三,190,21596元/m²,3室2厅,87m²,低层(共32层),近地铁配套成熟品质小区
世茂峻景湾 新上精装修三房 自住精装30万 房东置换市区,200,22411元/m²,3室2厅,89m²,高层(共33层),近地铁采光好拎包入住
保利东湾 刚需大两房 满五 婚房装修 楼层佳,215,23998元/m²,2室2厅,89m²,低层(共34层),南北通透
德信开发商 盛全物业小区自带游泳池，三房两卫两厅.客厅带飘窗,365,41150元/m²,3室2厅,88m²,中层(共33层),近地铁近学校南北通透
90方以内精装修三房双阳台！房东急着拿钱付首付！看房方便！,205,23749元/m²,3室2厅,86m²,高层(共43层),南北通透双阳台景观房
保利东湾 满二年 经典装修 全明户型 带入户花园,239,26785元/m²,2室2厅,89m²,低层(共34层),
89方 中间套 简装带车位 可满二过户 小区中间位置  中层,213,23933元/m²,3室2厅,89m²,中层(共18层),近地铁配套成熟品质小区
世茂小区边套3房，低市场价25万，送8平方储藏间，有钥匙,208,23075元/m²,3室2厅,90m²,高层(共33层),近地铁房型正配套成熟
宋都丽郡，中间套，主卧次卧朝南，双阳台，双明卫，前排中间楼层,190,21591元/m²,3室2厅,88m²,中层(共18层),近地铁配套成熟品质小区
钱塘新区星悦湾 拎包入住 满2年 地铁7号线,170,20038元/m²,2室2厅,84m²,中层(共15层),
全新50万精装修 工业风 静等有缘人 房东诚心 带车位,310,35955元/m²,3室2厅,86m²,中层(共29层),近地铁三房朝南复式房
晨光国际 地铁口 全新精装修LOFT 三房四阳台 中间楼层,305,35420元/m²,3室2厅,86m²,中层(共33层),近地铁次新小区品质小区
多蓝水岸C2户型 精装修 全明户型 南北通透 客厅带阳台,245,17663元/m²,3室2厅,138m²,低层(共11层),近地铁南北通透
急售！双地铁口 宋都丽郡国际89送15方 中间楼层 有车位,175,19663元/m²,3室2厅,89m²,低层(共18层),三房朝南送车位近地铁
义蓬核心89方精装修带车位三开间朝南楼层好,220,24719元/m²,3室2厅,89m²,中层(共18层),
世茂1期碧景湾 送车位全线江景 西边套 美国进口材料,200,22492元/m²,3室2厅,88m²,高层(共33层),近地铁
70年产权住宅房|精装修|送产权车位|外地人可买|可落户上学,75,8437元/m²,2室2厅,88m²,中层(共16层),南北通透环境优美交通便利
保利东湾三房两厅两卫 环境好 采光好 房东诚心出售 随时看房,220,24131元/m²,3室2厅,91m²,高层(共32层),南北通透
首付20万，买房可落户，南北通透，近地铁，对口學区，送精装修,88,11139元/m²,3室2厅,79m²,中层(共16层),南北通透配套成熟品质小区
房东置换 急卖 产证清晰 随时过户 精装三房 地铁口 随时看,295,33262元/m²,3室2厅,88m²,高层(共34层),近地铁配套成熟交通便利
万诚凰庭，政府附近，南北通透，看房方便，交通便利,140,15592元/m²,3室2厅,89m²,高层(共16层),
宋都晨光国际 跃层户型 中间楼层 自住精装 带车位两房朝南,300,34839元/m²,3室2厅,86m²,中层(共31层),近地铁房型正拎包入住
精装无税|配套成熟|外地人可买|无需社保|可落户上学|急售|,90,10976元/m²,3室2厅,82m²,中层(共17层),南北通透环境优美品质小区
首付10万，包租4千，产证清晰，价可谈，交通便捷，无税送车位,56.9,14220元/m²,3室2厅,40m²,中层(共16层),
地鉄口 86方 平层 简装修 满二年 两房一卫 拎包入住实价,165,19195元/m²,2室2厅,85m²,高层(共14层),近地铁配套成熟品质小区
全新装修末入住家具家电全 精装修素质住户  繁华地段交通便利,80,8955元/m²,3室2厅,89m²,中层(共28层),南北通透配套成熟品质小区
6月15号保利玫瑰湾新出房源 一线江景房 南北通透 户型方正,200,22681元/m²,3室2厅,88m²,中层(共34层),南北通透近地铁品质小区
钱塘新区 临江东裕华庭89方A5户型 送20万精装 中上层,125,13920元/m²,3室2厅,89m²,中层(共33层),配套成熟繁华地段品质小区
全新精装 没住过 大两房 南北通透 小高层 采光好 业主诚心,225,24196元/m²,2室2厅,92m²,低层(共6层),近地铁南北通透位置安静
(新)全新小区东郡之星 东边套送车位 客厅带阳台 卧室带阳台,193.5,21669元/m²,3室2厅,89m²,低层(共31层),南北通透
（文海）和达城 纯东边套 南北通透 税少 急售 价格面谈,322,28425元/m²,3室2厅,113m²,高层(共16层),近地铁配套成熟品质小区
房东同小区置换大面积已经看好就等首付了，低于市场价20万急卖,228,24466元/m²,3室2厅,93m²,低层(共34层),配套成熟繁华地段品质小区
宋都晨光国际 低铁口 精装修 大三房 方便看房 价格可谈,263,29346元/m²,3室2厅,89m²,高层(共33层),近地铁配套成熟次新小区
标题,价格,均价,房子大小,总面积,楼层,优点
（文海）和达城 纯东边套 南北通透 税少 急售 价格面谈,322,28425元/m²,3室2厅,113m²,高层(共16层),近地铁配套成熟品质小区
房东同小区置换大面积已经看好就等首付了，低于市场价20万急卖,228,24466元/m²,3室2厅,93m²,低层(共34层),配套成熟繁华地段品质小区
宋都晨光国际 低铁口 精装修 大三房 方便看房 价格可谈,263,29346元/m²,3室2厅,89m²,高层(共33层),近地铁配套成熟次新小区
东郡精装三房，房东直降20万，家具家电全送，房东自住诚心出售,210,23845元/m²,3室2厅,88m²,高层(共35层),近地铁交通便利繁华地段
龙湖好房，精装修全送，地铁口出来就是小区，霸气三房。,310,35842元/m²,3室2厅,86m²,低层(共26层),近地铁南北通透
急售 无税 外地人可买 可落户上学 精装修 南北通透 可议价,79,9875元/m²,3室2厅,80m²,中层(共12层),南北通透近地铁繁华地段
70年产权住宅丨可落户上学丨首付仅需26万丨南北通透交通便利,86,10118元/m²,3室2厅,85m²,中层(共16层),南北通透配套成熟品质小区
保利城市果岭。一线江景。南北通透。即买即住。改善必看。好房。,200,22230元/m²,3室2厅,89m²,高层(共34层),南北通透
世茂江滨花园 三房东边套一线江景 双阳台 户型正气 房东诚售,208,23308元/m²,3室2厅,89m²,低层(共31层),近地铁南北通透小户型
宋都晨光国际 跃层精装修 三房两卫 得房率高 交通 带车位,300,34839元/m²,3室2厅,86m²,中层(共31层),近地铁南北通透配套成熟
3房2卫 30万精装修 价格保真 看房方便 125万,125,13923元/m²,3室2厅,89m²,高层(共31层),近地铁配套成熟品质小区
婚房精装修，拎包入住，三房朝南，满2年,270,30303元/m²,3室2厅,89m²,中层(共27层),近地铁南北通透
无税|精装修|品质小区|配套成熟|近地铁|可落户上学|送车位,84,9402元/m²,3室2厅,89m²,中层(共18层),配套成熟繁华地段品质小区
杭州主城区 即将开售 单价27000 赠送精装修3500平,288.6,32416元/m²,3室2厅,89m²,中层(共20层),近地铁环境优美交通便利
宋都丽郡89方A户型208万带车位 实价在售 高楼层随时签约,208,23371元/m²,3室2厅,89m²,中层(共18层),两房朝南一梯两户品质小区
江东府三房地铁口核心区,170,20696元/m²,3室2厅,82m²,中层(共19层),
峻景湾精装三房 中间楼层 采光非常不错！房东底价诚心卖！,180,20157元/m²,3室2厅,89m²,中层(共33层),近地铁配套成熟繁华地段
江景家园一区 三室两厅 南北通透 全明户型 采光佳,255,29724元/m²,3室2厅,85m²,高层(共17层),配套成熟繁华地段品质小区
东郡国际  刚需三房 精装修 南北通透  采购好 视野开阔,240,27251元/m²,3室2厅,88m²,高层(共33层),南北通透拎包入住
金沙学府小三房！文海教育！近地铁！近学校！周边购物方便！,288,29608元/m²,3室2厅,97m²,中层(共6层),近地铁安全性高繁华地段
钱塘新区 宋都丽郡国际89 3房户型 地铁口 送车位楼层中,207,23258元/m²,3室2厅,89m²,中层(共17层),
新世界琅琴湾 七号线地铁口 三湖环绕 送车位 带17万装修,210,25081元/m²,3室2厅,83m²,中层(共29层),主卧朝南客厅朝南独立电梯
观澜时代 精装三房 景观楼层 一线江景 房东诚售 随时看房,230,26048元/m²,3室2厅,88m²,中层(共29层),配套成熟交通便利品质小区
世茂花园大三房 全开间朝南 看房有钥匙 江滨站 诚心出售,220,24472元/m²,3室2厅,89m²,中层(共33层),近地铁南北通透
东郡之星 诚心出售，户型方正，小区新,180,20053元/m²,3室2厅,89m²,低层(共25层),
"全新清爽装修30万,房东置换让价10万急出手,买到就是到",230,26250元/m²,3室2厅,87m²,低层(共33层),南北通透
急售，衙前万诚凰庭，地铁五号线一公里，纯边套还有车位，保真,149,16657元/m²,3室2厅,89m²,高层(共19层),近地铁配套成熟次新小区
江东府 87方赠送26方 可做四房 开元物业 配套齐全 实价,200,22915元/m²,3室2厅,87m²,高层(共18层),近地铁配套成熟繁华地段
老客户委托！精装跃层 一线江景 纯边套 低于市场20万,219,24788元/m²,3室2厅,88m²,低层(共42层),跃层式拎包入住配套成熟
7号线地铁口 宋都丽郡国际 高品质小区 包车位205万 可看,205,23034元/m²,3室2厅,89m²,中层(共18层),近地铁配套成熟品质小区
世茂江滨花园瑞景湾D铁口，纯西边套江景三房 ，南北通满5年,235,26428元/m²,3室2厅,88m²,中层(共33层),近地铁
近地铁，包租六千，精装复式5.8米，产证齐全，通燃气，带阳台,32.8,9939元/m²,2室1厅,33m²,低层(共14层),近地铁配套成熟品质小区
房东急降18万）置换急卖 可落户可上学 户型方正(随时看房,77,9625元/m²,3室2厅,80m²,高层(共22层),南北通透
东郡国际，拓展面积15方，全新装修未入住过，业主诚心置换,230,26250元/m²,3室2厅,87m²,中层(共34层),
地铁口  宋都丽郡 89方 夹边套 双阳台 205万带车位,205,23034元/m²,3室2厅,89m²,中层(共18层),近地铁配套成熟品质小区
自住精装修不到1年，现换房诚售，两房朝南，全明采光，随时看房,260,29181元/m²,3室2厅,89m²,高层(共26层),近地铁南北通透
观澜时代 纯毛坯三房 三开间朝南 采光很好江景视野 楼间距大,210,23646元/m²,3室2厅,88m²,高层(共32层),
玫瑰湾新出89方三房两卫南北通透210万有钥匙随时看房,210,23617元/m²,3室2厅,88m²,中层(共32层),近地铁配套成熟环境优美
宋都东郡边套三房两卫，精装35万可拎包入住，满两年 房东诚售,238,27036元/m²,3室2厅,88m²,中层(共33层),全南户型南北通透交通便利
万诚凰庭 东边套底跃买 1 层送 1 层 实用面积260方,165,13561元/m²,3室2厅,121m²,低层(共18层),近地铁配套成熟低密度
（白菜价）真爱还是敌不过时间的变迁，财产分割，丈夫净身出户！,65,9155元/m²,3室2厅,71m²,高层(共16层),南北通透近地铁繁华地段
衙前镇政府旁，万诚凰庭纯边套，89方大三房仅售140，急售,142,15797元/m²,3室2厅,89m²,低层(共18层),配套成熟繁华地段品质小区
"玫瑰湾5月15新上好房,中等楼层 纯边套三房 四阳台 热 搜",200,22681元/m²,3室2厅,88m²,中层(共34层),南北通透
宋都 东郡国际 3室2厅 三开间朝南  厅带有阳台 有钥匙,178,20016元/m²,3室2厅,88m²,高层(共33层),南北通透
大3房！70年产权！入住文海！内部转手！真实在售！3证齐全！,180,19054元/m²,3室2厅,94m²,中层(共29层),近地铁近学校素质住户
衙前镇政府旁 万诚凰庭 中间套可做三房 采光无影响 贷款三成,124,14054元/m²,2室2厅,88m²,低层(共16层),配套成熟次新小区品质小区
70年产权住宅丨可落户上学丨首付仅需30万丨交通便利品质小区,99,11928元/m²,3室2厅,83m²,中层(共20层),南北通透配套成熟品质小区
盛泰名都公寓 文海读书 周边配套齐全 近文泽站 有钥匙,180,22670元/m²,3室1厅,79m²,高层(共32层),近地铁南北通透
伊萨卡 满五年三房 一线江景视野佳 出门就是地铁首站,200,22510元/m²,3室1厅,88m²,中层(共33层),近地铁繁华地段品质小区
宋都丽郡国际，地铁口，三房朝南，带车位,205,22946元/m²,3室2厅,89m²,高层(共18层),安全性高繁华地段品质小区
送大入户花园 纯西边套 三房户型 一线江景 南北通透 双阳台,200,22479元/m²,3室2厅,88m²,中层(共34层),南北通透
包税！外地人可买，70年产权住宅，精装修送车位，可落户上学。,93.5,11000元/m²,3室2厅,85m²,中层(共18层),南北通透近地铁环境优美
嘉裕天城旁 万诚凰庭 89方边套 少有户型 三房两卫 急卖,140,15575元/m²,3室2厅,89m²,高层(共16层),配套成熟次新小区品质小区
大江东 琅琴湾89方送28方包车位 220万 中上层 视野好,210,24402元/m²,3室2厅,86m²,高层(共32层),
喂！异乡人看过来！首付12万即可落户上学，精装送车位，无税费,78,12787元/m²,3室2厅,61m²,高层(共16层),南北通透近地铁繁华地段
保利湾天地 首付9万 房东急售 家具家电全送 产证齐全可过户,66,10820元/m²,3室2厅,61m²,高层(共16层),南北通透近地铁繁华地段
780000！租房30年房子是房东的！买房还款30年！你的家,78,9644元/m²,3室2厅,80m²,低层(共18层),近地铁配套成熟繁华地段
VR保真.汇宇和庭.89平方送20平方.大3房.纯毛坯.诚售,311,34905元/m²,3室2厅,89m²,低层(共14层),近地铁
宋都丽郡89方A户型175万 实价在售 中下楼层随时签约,175,19663元/m²,3室2厅,89m²,高层(共18层),
世茂花园大三房 全开间朝南 看房有钥匙 江滨站 诚心出售,180,20022元/m²,3室2厅,89m²,中层(共33层),近地铁南北通透环境优美
标题,价格,均价,房子大小,总面积,楼层,优点
多蓝水岸C2户型！送40万装修！送小书房！出门近学校超市！,300,21626元/m²,3室2厅,138m²,低层(共11层),近地铁素质住户安全性高
衙前地铁口万诚凰庭 次新房 全明户型 周边配套齐全  诚售！,130,14808元/m²,2室2厅,87m²,中层(共14层),采光好房型正视野好
世茂碧景湾 精装修 一线江景 环境优美 南北通透 价格可谈,230,25779元/m²,3室2厅,89m²,低层(共33层),景观房近地铁环境优美
地铁线上盖 钱塘中心 品质小区全明户型 真 价实房 随时看,178,21975元/m²,3室2厅,81m²,低层(共18层),近地铁交通便利繁华地段
地铁口 宋都丽郡 三房朝南 中间套 高档新小区,180,20225元/m²,3室2厅,89m²,中层(共18层),南北通透环境优美
金沙湖地铁就在门口，隔一条马路就是天街，两房朝南太阳晒到落山,198,33000元/m²,2室1厅,60m²,低层(共15层),近地铁南北通透
多蓝水岸 豪装50万大三房 带50方私人露台 房东诚售随时看,320,22732元/m²,3室2厅,140m²,低层(共11层),近地铁配套成熟品质小区
城市果岭 新上精心装修三房 楼层好采光好 拎包入住 房东诚心,220,25057元/m²,3室2厅,87m²,高层(共34层),交通便利繁华地段品质小区
简陋 江语海 文海教育 户型方正 扩展面积20方 机不可失,328,36871元/m²,3室2厅,88m²,低层(共33层),近地铁南北通透
"东海未名园精装三房,文海读书,诚心出售",300,26001元/m²,3室2厅,115m²,低层(共6层),近地铁近学校南北通透
星悦湾 平层 简单装修 满二 两房一卫 随时看房随时签约实价,170,20038元/m²,2室2厅,84m²,中层(共15层),近地铁配套成熟品质小区
碧景湾精装三房 纯东边套！小区中心 一线江景 房东诚心卖！,235,26431元/m²,3室2厅,88m²,低层(共33层),主卧朝南配套成熟品质小区
云水站口 精装大三房 三恒小区  口碑好,390,28261元/m²,3室2厅,138m²,低层(共31层),近地铁
改善 地铁 主力户型,307,23685元/m²,3室2厅,129m²,低层(共27层),近地铁
东郡国际 89方 精装三房 满二 过来看看会让你满意,217,24401元/m²,3室2厅,88m²,中层(共29层),三房朝南南北通透配套成熟
宋都晨光国际  新上边套三房 户型方正 出行方便,258,28904元/m²,3室1厅,89m²,低层(共33层),近地铁繁华地段品质小区
海天城！地铁口！精装四房 学正教育  低于市场价 急售！,335,20697元/m²,4室2厅,161m²,高层(共17层),近地铁配套成熟环境优美
首付100000起，买房立减60000！房东包税，精装修现房,70.6,8021元/m²,3室2厅,87m²,中层(共6层),近地铁配套成熟品质小区
萧山核心赠送20平70年产权住宅低首付低总价产权清晰随时过户,79,12344元/m²,3室2厅,64m²,中层(共13层),南北通透送车位品质小区
大江之星 带车位 毛坯房 三房两厅两卫 南北通透 采光好,195,21715元/m²,3室2厅,89m²,低层(共22层),小区中心繁华地段品质小区
得房率高 出行便利 地段美丽 给家人一个避风的港湾,143,15915元/m²,3室2厅,89m²,中层(共17层),安全性高繁华地段品质小区
新出江语海 纯毛坯 未住过 三房二厅二卫 中间楼层 诚心卖,260,29109元/m²,3室2厅,89m²,低层(共34层),近地铁主卧朝南客厅朝南
观澜国际花园小区 边套户型 送长长的入户花园 精装修30万,240,27316元/m²,3室2厅,87m²,高层(共29层),一门关配套成熟环境优美
东郡之星满两年住宅 三房两卫 纯边套双阳台 小区价格低,205,22872元/m²,3室2厅,89m²,中层(共31层),南北通透配套成熟交通便利
宋都晨光国际 南北通透户型方正 小三 房精装30万 地 铁房,265,29609元/m²,3室2厅,89m²,高层(共31层),近地铁
低于市场价20万，地铁口精装复式楼！外地人可买，包租3800,32,10000元/m²,2室2厅,32m²,中层(共15层),南北通透近地铁繁华地段
全新小区 环境清新 三开间朝南 送车位 随时签约 10楼左右,205,23034元/m²,3室2厅,89m²,中层(共18层),近地铁配套成熟品质小区
地铁口小3房，看房有钥匙 全新装修，让你轻松拎包入住 急卖中,215,24338元/m²,3室1厅,88m²,中层(共31层),近地铁南北通透
金沙湖 下沙地铁口 教育园区西 包租5千 精装复式 繁华地段,23.8,8815元/m²,2室2厅,27m²,中层(共15层),南北通透环境优美
交通方便，性价比高，出售，户型好1户型方正2面积多，,200,22472元/m²,3室2厅,89m²,中层(共18层),
江东核心 毛胚 89送22方 双地铁 客厅带大阳卫 有车位,185,20787元/m²,3室2厅,89m²,中层(共18层),近地铁交通便利繁华地段
保利东湾 纯东边套 可做两个阳光房 高楼层 采光好 赠送多,228,26183元/m²,3室2厅,87m²,高层(共33层),顶楼赠露台环境优美
客厅带阳台 3房2卫 低于市场价10万业主诚售 一线江景房,225,24679元/m²,3室2厅,91m²,中层(共33层),南北通透
小区环境优美 装修简约清爽 居住舒适 东西全留 直接拎包入住,78,10833元/m²,2室2厅,72m²,高层(共12层),南北通透近地铁配套成熟
保利城市果岭，户型好，阳台多。江景房。三房两卫，房东急卖,185,21432元/m²,3室2厅,86m²,低层(共34层),南北通透位置安静品质小区
房东急售 70年产权精装修住宅房 南北通透产证齐全 随时看房,80,8989元/m²,3室2厅,89m²,中层(共20层),南北通透配套成熟品质小区
龙湖江与城旁 琅琴湾 3房2卫得房率高 满两年 地铁口 保真,175,19821元/m²,3室2厅,88m²,低层(共33层),近地铁配套成熟品质小区
大江东 宋都丽郡国际 3房2卫 满两年 地铁旁 采光不遮挡,190,21348元/m²,3室2厅,89m²,中层(共18层),近地铁配套成熟品质小区
碧桂园 环境优雅 89方 三房 精装修 205万 价格可谈,205,23125元/m²,3室2厅,88m²,高层(共33层),次新小区交通便利素质住户
70年产权住宅|20万|精装全送|临地铁|产证齐全|无税急售,82,10123元/m²,3室2厅,81m²,低层(共27层),南北通透繁华地段品质小区
世茂峻景湾！精装好房！双阳台户型！江景房！房东非常着急卖！,236,26718元/m²,3室2厅,88m²,中层(共33层),近地铁双阳台景观房
房东急售 随时签合同 82方送23方 十楼左右 房间敞亮实价,188,22874元/m²,3室2厅,82m²,高层(共18层),三房朝南配套成熟繁华地段
东郡之星 刚需三房 诚心出售 采光视野良好 看房找我随时带看,196,22015元/m²,3室2厅,89m²,低层(共32层),南北通透
海天城 新出大三房 自住精装修 纯东边套 带车位 诚心出售,270,23957元/m²,3室2厅,112m²,低层(共30层),近地铁南北通透
世茂江滨瑞景湾 一线江景 楼层中上 全新温馨四房 可做婚房。,310,23435元/m²,3室2厅,132m²,低层(共33层),近地铁南北通透景观房
毛胚，可肆意装修，诚心出售,212,23243元/m²,3室2厅,91m²,中层(共16层),
晨光国际跃层三房 精装修30万 保养的好 配套齐全 交通便利,288,32469元/m²,3室2厅,88m²,中层(共42层),近地铁客厅朝南两房朝南
东郡之星 大三房纯边套双阳台 采光没遮挡，次新小区 带车位,170,19037元/m²,3室2厅,89m²,高层(共31层),近地铁配套成熟环境优美
"铭和苑低总价实惠大两房,南北对通,高楼层,有钥匙随时看房.",185,20810元/m²,2室2厅,88m²,低层(共18层),近地铁南北通透交通便利
下沙银泰旁三房西边套，全明户型，三阳台，30万精装修车位,360,33676元/m²,3室2厅,106m²,中层(共30层),近地铁素质住户安全性高
"金沙湖畔 柠檬郡三房,客厅带阳台 纯毛坯!诚售可谈!有钥匙!",252,28119元/m²,3室2厅,89m²,低层(共29层),近地铁南北通透
300米地铁口，5米复试，江景房，无税，免社保，包租，可过户,49.2,10250元/m²,2室2厅,48m²,中层(共15层),近地铁配套成熟繁华地段
世茂二期纯边套大三房，有钥匙随时看，业主急售,298,22081元/m²,3室2厅,134m²,低层(共33层),近地铁
"下沙东郡之星,三室两厅两卫,一手现房刚交付,纯毛坯,诚售",208,23181元/m²,3室2厅,89m²,高层(共34层),南北通透
70年产权住宅丨可落户上学丨首付仅需30万丨交通便利品质小区,87,11918元/m²,2室2厅,73m²,高层(共16层),次新小区交通便利素质住户
宋都东郡之星 全新小区刚交付 产证已办出 随时交易 自由装修,190,21358元/m²,3室2厅,88m²,低层(共32层),南北通透拎包入住
多蓝水岸精装修50万 ，C2户型，近一号地铁线，带超大露台,320,22732元/m²,3室2厅,140m²,低层(共11层),近地铁
业主急售！租金4千！有产证！民用水电气！送车位！5.5米挑高,25.5,9444元/m²,2室2厅,27m²,中层(共17层),复式房送车位近地铁
百翘香江 纯边套大三房！本小区就此一套在售，楼层好 户型上佳,290,22623元/m²,3室2厅,128m²,中层(共18层),双阳台景观房次新小区
清雅苑 新出三房 边套全明户型 中间楼层 小区中间位置,240,21207元/m²,3室2厅,113m²,低层(共6层),近地铁近学校
标题,价格,均价,房子大小,总面积,楼层,优点
秒杀！！金沙湖新上好房！房东置换急卖！价格好谈！,220,26392元/m²,2室2厅,83m²,低层(共16层),近地铁配套成熟繁华地段
里梦想很近，实现舒适三房，这里可以一步到位，好房特卖5天,92,10455元/m²,3室2厅,88m²,中层(共14层),交通便利素质住户品质小区
精 装 修  近地铁口这里有 3块5 的 海 景房  文泽路,116.7,19280元/m²,3室2厅,60m²,中层(共15层),近地铁繁华地段品质小区
东沙铭城 ，印象城旁， 单价一万，  秒杀！,145,10000元/m²,4室2厅,145m²,低层(共15层),近地铁配套成熟繁华地段
大江东精装修小户型，首付15万，对口學区可上学，不限购送车位,49,9024元/m²,2室2厅,54m²,低层(共15层),南北通透环境优美
房东置换新房，首付17万，产证齐全，无税，送精装修，拎包即住,89,11125元/m²,3室2厅,80m²,中层(共12层),近地铁配套成熟品质小区
无需社保，首付17万，产证齐全，外地人可买，随时看房拎包即住,87,9775元/m²,3室2厅,89m²,低层(共15层),近地铁配套成熟品质小区
房东诚售丨70年产权住宅丨豪华装修送产权车位丨产证齐全可落户,128,14447元/m²,3室2厅,88m²,中层(共16层),拎包入住配套成熟繁华地段
东海未名园 |文海教学|东边套阳台|文泽D口|得房率高|诚售,365,27460元/m²,3室2厅,132m²,低层(共6层),近地铁近学校
河庄核心区 边套大户型 楼层佳 南北通透,230,20000元/m²,3室2厅,115m²,低层(共23层),
大江之星 3室2厅2卫1 南北通透 ，环境优美。,185,18500元/m²,3室2厅,100m²,中层(共16层),新房房源近地铁安全性高
房东置换新房 首付12万 精准修 得房率高 可落户上学带车位,68,7709元/m²,3室2厅,88m²,中层(共12层),南北通透送车位近地铁
业主真实挂价 满五唯一 精装修拎包入住 产证齐全 看房方便,72,15319元/m²,3室2厅,47m²,中层(共12层),南北通透近地铁繁华地段
万诚凰庭 次新房 近5号线口  三房敞亮户型 大阳台 诚售,145,16131元/m²,3室2厅,89m²,高层(共15层),安全性高繁华地段品质小区
江干地铁口200米 豪华装修21万全送 月供1700 送车位,45,9184元/m²,3室2厅,49m²,高层(共16层),一梯两户近地铁品质小区
义蓬地铁口 112方送45方 送花园 大四房跃层 188万,188,16695元/m²,4室2厅,112m²,低层(共15层),南北通透靠近花园近地铁
"金沙阳光,南北通透 ,免双税,装修全送景苑学,诚售 看房方便",330,25842元/m²,3室2厅,127m²,低层(共22层),近地铁南北通透
770年产权住宅房，近地铁口带學区，送精装送车位，首付三成,79,9634元/m²,3室2厅,82m²,中层(共15层),近地铁配套成熟环境优美
龙湖开发 户型正气 配套成熟 采光不受影响 房东诚心出售,480,40097元/m²,3室2厅,119m²,中层(共13层),近地铁配套成熟繁华地段
品质小区|配套成熟|近地铁|可落户上学|无需社保|无税精装修,73,8047元/m²,3室2厅,90m²,低层(共17层),配套成熟繁华地段品质小区
买房送车位，无社保可买，一路之隔是名校，可落户上学，价格可谈,98,11951元/m²,3室2厅,82m²,低层(共15层),近地铁次新小区繁华地段
下沙毛坯修好房子 看房方便 位置安静 诚心卖 文海南路口,75,16667元/m²,3室2厅,45m²,中层(共17层),南北通透环境优美
大都文苑风情 (带露台）新出精装三房 三开间朝南带阳台 文海,260,19586元/m²,3室1厅,132m²,低层(共11层),近地铁近学校南北通透
必看！无需社保！外地人首付仅需15万！不限购的70年产权住宅,67,7567元/m²,3室2厅,88m²,中层(共12层),安全性高繁华地段品质小区
江东府 毗邻地铁7号线 精装三房朝南 楼层可选 开元物业管理,134,16326元/m²,3室2厅,82m²,高层(共17层),近地铁配套成熟品质小区
首付三成 下沙大学城 70年产权 豪华装三房 易租易售 送阳,74.4,10629元/m²,3室2厅,70m²,中层(共15层),南北通透环境优美
宋都丽郡国际 带车位 地铁口 边套 看房随时 诚信出售,251,19015元/m²,3室2厅,132m²,低层(共18层),
"世茂江滨瑞景湾 物业 一线江景 ,业主诚心出售",205,23057元/m²,3室2厅,88m²,低层(共33层),南北通透
交通方便，性价比高，出售，户型好1户型方正2面积多，,195,15044元/m²,3室2厅,129m²,低层(共14层),
房东 70年产权 在建地铁 精装两房 可上学 送阳台,67,8171元/m²,3室2厅,82m²,中层(共12层),南北通透
观澜朗轩 带特大花园 私人下午茶环境 精装修 可拎包入住,210,23864元/m²,3室2厅,88m²,低层(共29层),全南户型南北通透配套成熟
房东诚售包税！首付仅需15W！品质小区！配套成熟！送精装修！,64,8205元/m²,3室2厅,78m²,中层(共12层),配套成熟繁华地段品质小区
正气三房户型 南北通透 地铁口800米 全明户型 随时看,272,22489元/m²,3室2厅,120m²,中层(共15层),近地铁次新小区交通便利
江景家园一区丨 三室两厅丨 南北通透 丨全明户型 丨采光佳,245,28558元/m²,3室2厅,85m²,高层(共17层),近地铁繁华地段品质小区
宋都丽郡国际楼层好 边套户型，大三房，地铁口，新小区,180,20225元/m²,3室2厅,89m²,中层(共17层),
随买随住的精装修，星悦湾，245万，高层 视野房源开阔美丽。,245,22144元/m²,3室2厅,110m²,高层(共15层),
"龙湖物业,地下直通地铁跟天街,带露台,精装修",305,35219元/m²,3室2厅,86m²,低层(共26层),近地铁南北通透
景冉佳园 20万精装，南北通透，拎包入住！文海教育集团房源,245,30113元/m²,3室2厅,81m²,低层(共30层),近地铁全南户型品质小区
豪华精装修软装 家居家电全配 外地人可买 不限贷 送车位的,65,17568元/m²,3室2厅,37m²,中层(共17层),南北通透环境优美品质小区
梦琴湾   小区环境好   物业好  房东诚心出售  随时看,262,20006元/m²,3室2厅,130m²,高层(共17层),近地铁
地铁口400米 首付10万 带装修 送家电 可落户 可上学,80,9195元/m²,3室2厅,87m²,低层(共15层),近地铁配套成熟繁华地段
精装修 大露台 有车位,330,23421元/m²,3室2厅,140m²,中层(共12层),近地铁配套成熟素质住户
"铭和苑探梅坊,大两房,全明户型,正气户型,楼层采光好",200,22173元/m²,2室2厅,90m²,低层(共14层),近地铁南北通透
真实总价 采光极好 户型超正 精装修拎包入住 看房方便,72,15319元/m²,3室2厅,47m²,中层(共12层),南北通透配套成熟交通便利
龙湖滟澜山新出毛坯三房，南北通透，楼层好，随时看房，全明户型,330,27567元/m²,3室2厅,119m²,中层(共13层),近地铁繁华地段品质小区
下沙银泰旁 出行方便 周边配套齐全 业主诚心卖,230,27865元/m²,3室2厅,82m²,低层(共17层),近地铁配套成熟繁华地段
（新上）东郡之星 3室2厅2卫 纯毛坯 全明户型,203,22616元/m²,3室2厅,89m²,低层(共32层),南北通透
降价10万 急售 外地人可买 带车位家具家电 无税 可上学,69,9915元/m²,3室2厅,69m²,中层(共17层),南北通透环境优美素质住户
出售) 东裕华庭丨首付三成丨外地人可买丨精装修丨送产权车位丨,75,8538元/m²,3室2厅,87m²,中层(共16层),南北通透送车位次新小区
首付27万，近地铁，产权清晰，7天过户，南北通透，房东包税,88,11139元/m²,3室2厅,79m²,中层(共14层),近地铁配套成熟繁华地段
房东急售好户型，中间楼层东边套好采光，精装修全送，低于市场价,179,21310元/m²,3室2厅,84m²,中层(共17层),配套成熟交通便利繁华地段
下沙保利像素 精装修住宅 开发商内部预留的好房 全明边套户型,168,21563元/m²,3室2厅,77m²,低层(共33层),南北通透
江干核心区 精装大三房 近地铁 商业齐全 70年可立马落户,80,9524元/m²,3室2厅,84m²,中层(共17层),南北通透近地铁环境优美
买了可以少奋斗20年！近地铁！独立产证无抵押！无税精装住宅！,72.8,8025元/m²,3室2厅,90m²,中层(共13层),南北通透配套成熟品质小区
后珠辰秀嘉园  92房大两房 主卧朝南 南北通透 精装修,210,22878元/m²,3室2厅,91m²,高层(共17层),配套成熟素质住户品质小区
世茂碧景湾龙湖物业地铁江滨站30万装修四阳台看中可以议价,250,28281元/m²,3室2厅,88m²,低层(共33层),拎包入住近地铁配套成熟
！萧山江东新城 在建7号线 精装住宅 浅力地段 价格可谈,63,8289元/m²,3室2厅,76m²,中层(共12层),南北通透
衙前中心位置 万诚凰庭 边套毛坯次新三房 发展地段 位置好,145,16131元/m²,3室2厅,89m²,低层(共16层),安全性高繁华地段品质小区
铭都雅苑  精装修20万。天街旁边，金沙湖畔，世纪联华，可谈,160,27022元/m²,2室1厅,59m²,低层(共15层),近地铁南北通透
急售钱塘新区近地体精装修拎包入住送车位产证清晰南北通透采光好,85,10241元/m²,3室2厅,83m²,中层(共15层),近地铁繁华地段品质小区
标题,价格,均价,房子大小,总面积,楼层,优点
钱塘新区阳光名城二期123.9方毛坯无车位楼层佳,200,16154元/m²,3室2厅,123m²,高层(共11层),南北通透一梯两户繁华地段
东海柠檬郡 业主自住  精装三野好银泰旁 房东诚售可看房,330,29732元/m²,3室2厅,110m²,低层(共29层),近地铁南北通透
东郡国际 毛坯大三房，送一个车位 户型正气 南北通透,200,22986元/m²,3室2厅,87m²,低层(共33层),
辰秀嘉园 精装三房户型 两房朝南 全明户型 诚心出售看房方便,208,25227元/m²,3室2厅,82m²,低层(共16层),南北通透
世茂江滨花园 三房东边套一线江景 双阳台 户型正气 房东诚售,220,24711元/m²,3室2厅,89m²,中层(共31层),近地铁南北通透配套成熟
玫瑰之湾 精装修 双阳台 一线江景 视野广 看房有钥匙,255,23605元/m²,3室2厅,108m²,低层(共33层),采光好房型正视野好
一生买房能几回，买到好房需倒醉。南北通透，在卖全有，万诚凰庭,120,13365元/m²,3室2厅,89m²,高层(共14层),近地铁配套成熟交通便利
火爆。城市果岭。精装修大三房。两房朝南。客厅朝南。房源实拍,246,28292元/m²,3室2厅,86m²,中层(共34层),南北通透
房东置换 诚心出售 直降10万 中间楼层 双电梯,48,13714元/m²,2室2厅,35m²,中层(共15层),南北通透近地铁繁华地段
政府旁边 5号线地铁口南北通透 70年产权住宅,99,11109元/m²,3室2厅,89m²,中层(共14层),新房房源南北通透近地铁
世茂江滨花园精装三房 主卧朝南 双阳台 一线江景 随时看房,230,25584元/m²,3室2厅,89m²,低层(共20层),近地铁配套成熟环境优美
精装无税|配套成熟|外地人可买|无需社保|可落户上学|急售|,92.7,10415元/m²,3室2厅,89m²,中层(共17层),南北通透环境优美品质小区
东郡国际 89方 三方 双阳台 低总价 首付60万 价可谈,199,22197元/m²,3室2厅,89m²,中层(共33层),配套成熟次新小区交通便利
近地铁 纯毛坯 满五年 高楼层 采光好,320,22690元/m²,3室2厅,141m²,高层(共29层),近地铁配套成熟环境优美
新上房源 可议价 华彩名府精装 送家具家电 次新小区环境超好,90,9091元/m²,3室2厅,99m²,中层(共6层),南北通透配套成熟环境优美
保利东湾 中间楼层 跃层 送四个大阳台 精装拎包入住,292,26099元/m²,3室2厅,111m²,低层(共34层),配套成熟环境优美交通便利
全明户型 纯东边套 南北通透 一线江景房 送20方 有钥匙,250,23979元/m²,3室2厅,104m²,中层(共34层),南北通透
一线江景，三房户型，，精装修，送家具家电，,240,25570元/m²,3室2厅,93m²,中层(共34层),
铭都雅苑，地铁F，两房朝南客厅朝南带阳台，户型方正你值得拥有,200,33778元/m²,2室1厅,59m²,低层(共25层),近地铁南北通透
临江东裕华庭 带三十万良工精装修 A5户型 南北通透采光好,132,14703元/m²,3室2厅,89m²,高层(共32层),安全性高繁华地段品质小区
宝龙广场 1房1厅 经典跃层 出国急卖 环境优美,65,14739元/m²,2室1厅,44m²,低层(共30层),交通便利素质住户繁华地段
世茂江滨花园！纯毛坯！户型通透！高品质小区！诚心急售！有钥匙,265,21222元/m²,3室2厅,124m²,中层(共33层),近地铁配套成熟环境优美
急售!江东壹号，房东包税，包租4千，送精装修，送车位,33.5,8171元/m²,2室2厅,41m²,中层(共15层),南北通透环境优美
急售！海天城东边套 30万精装修 房东诚意 小区中心位置,263,19526元/m²,3室2厅,134m²,低层(共29层),近地铁环境优美品质小区
品质小区丨精装送家电丨红本无税丨配套成熟丨首付三成丨看房方便,85,11440元/m²,3室2厅,74m²,中层(共11层),配套成熟交通便利品质小区
急急急！独立产证 交通便利 无需社保 精装修 送车位 近地铁,48,9600元/m²,2室2厅,50m²,低层(共16层),
火爆。宋都东郡国际。边套带车位。100方地下室。带花园。急售,265.8,21105元/m²,2室2厅,125m²,低层(共19层),素质住户繁华地段品质小区
金沙湖板块 早城自住精装大三房 全明户型 诚心出售 配套齐全,400,32100元/m²,3室2厅,124m²,高层(共18层),近地铁近学校交通便利
A2户型 东裕华庭 房东急售 白菜价 南北通透 楼层也很好,112,12475元/m²,3室2厅,89m²,中层(共32层),素质住户安全性高品质小区
江语海 西边套 精装自住 一线江景 文海教育 看中可谈,315,38265元/m²,3室2厅,82m²,中层(共33层),近地铁交通便利品质小区
星野花苑四区，首付15万即可签约过户，精装送浙A车牌，可上学,89.8,14721元/m²,3室2厅,61m²,高层(共16层),南北通透近地铁繁华地段
金沙湖旁 天街对面 精装跃层5米层高 一线湖景 一览无遗,89,20746元/m²,2室1厅,42m²,低层(共19层),近地铁南北通透安全性高
端午节新挂房源 晨光国际 复式 全新精装 看房有钥匙,288.8,32559元/m²,3室2厅,88m²,中层(共42层),近地铁南北通透
碧桂园 新精装修 纯东边套 诚心出售,223,25020元/m²,3室2厅,89m²,低层(共32层),南北通透
世茂地铁口户型! 一线精装江景边套! 置换急卖!送23平方!,180,20170元/m²,3室2厅,89m²,低层(共33层),近地铁南北通透配套成熟
大江东浪琴湾7号线地铁口零 89方送28方 送车位,205,23010元/m²,3室2厅,89m²,低层(共24层),
首付20万，外地人可买，可落户上学，送精装，款到七天即可过户,78,10400元/m²,3室2厅,75m²,中层(共11层),南北通透繁华地段品质小区
楼层好，采光足，配套成熟，业主诚心卖,249,23204元/m²,3室2厅,107m²,中层(共32层),近地铁南北通透
海天城精装2室2阳台，西临物美云水站，东有新发现，钱塘江,290,25739元/m²,3室2厅,112m²,低层(共30层),近地铁远离马路中国风
（新）全新小区东郡之星从未入住过 楼间距超广 诚心出售 东边,198,22240元/m²,3室2厅,89m²,低层(共33层),南北通透
临江佳苑 71方 带自行车卫 满两年 85万 房东诚心在 售,85,12021元/m²,2室2厅,70m²,低层(共6层),安全性高繁华地段品质小区
钱塘新区大江东双地铁宋都丽郡三房朝南,300,22727元/m²,3室1厅,132m²,低层(共18层),新房房源交通便利繁华地段
观澜朗轩！精装三房！纯边套南北通！房子装修看起来特别舒适急卖,223,25381元/m²,3室2厅,87m²,高层(共29层),南北通透交通便利素质住户
观澜时代独栋别墅！身份的象征！独立花园可钓鱼！安静舒适近自然,1000,33445元/m²,5室2厅,299m²,共1层,南北通透繁华地段品质小区
送车位 3房格局 一线江景房 精装修 楼层好 采光通风无影响,212,23995元/m²,3室2厅,88m²,低层(共42层),景观房送家电送车位
"70年产权住宅房,送产权车位,南北通透,交通便利,外地人可买",84,9882元/m²,3室2厅,85m²,中层(共15层),配套成熟安全性高低密度
保利湾天地  精装修 四房带两阳台和一个储物间 朝南一线江景,175,13268元/m²,4室2厅,131m²,中层(共17层),三房朝南南北通透跃层式
买房送车位，首付16万，无需社保，送精装，房东包税，总价可谈,81,10253元/m²,3室2厅,79m²,高层(共16层),南北通透近地铁繁华地段
新上房源 晨光国际 纯边套 三房两卫 精装修 拎包入住！,220,24655元/m²,3室2厅,89m²,低层(共33层),近地铁南北通透拎包入住
哇塞！房东让利30万任性急售，转可落户无需社保，精装修学區房,74,9367元/m²,3室2厅,79m²,中层(共13层),拎包入住配套成熟品质小区
保利别墅沿河的豪装，带3个车位近出口，底上车位，400万装修,930,40435元/m²,5室2厅,230m²,共4层,环境优美次新小区交通便利
河庄地铁口，大江之星，品质楼盘，165万，房东诚售,165,20370元/m²,2室2厅,81m²,低层(共24层),
多蓝水岸 多层住宅 全新精装修没住过 得房率高 南北通透,200,21508元/m²,2室2厅,92m²,低层(共6层),近地铁南北通透品质小区
房东直降11万 急需用钱 品质物业 地 铁旁边房子 看房方便,228,29511元/m²,2室2厅,77m²,高层(共13层),近地铁繁华地段品质小区
江东府 萧山主城区精装大三房 首付仅需2成 地铁旁 绿城物业,130,16041元/m²,3室2厅,81m²,高层(共22层),近地铁配套成熟品质小区
海天城小区，小高层得房率高，纯毛坯，122方大三房，中高楼层,260,21339元/m²,3室2厅,121m²,高层(共18层),近地铁景观房交通便利
钱塘新区星悦湾 精装修 86方送45方跃层满2年,210,24373元/m²,3室2厅,86m²,高层(共15层),
保利湾天地  精装修 两房朝南 复式结构 朝南一线江景,90,18987元/m²,2室2厅,47m²,中层(共17层),景观房跃层式品质小区
（新上）东郡之星 3房2天2卫  随时看房 纯东边套,203,22732元/m²,3室2厅,89m²,高层(共31层),南北通透
业主换新房 议价空间很大 海天城三房 中间楼层 不靠马路,275,24351元/m²,3室2厅,112m²,高层(共28层),近地铁南北通透
标题,价格,均价,房子大小,总面积,楼层,优点
临江东裕华庭 带三十万良工精装修 A5户型 南北通透采光好,132,14703元/m²,3室2厅,89m²,高层(共32层),安全性高繁华地段品质小区
宝龙广场 1房1厅 经典跃层 出国急卖 环境优美,65,14739元/m²,2室1厅,44m²,低层(共30层),交通便利素质住户繁华地段
世茂江滨花园！纯毛坯！户型通透！高品质小区！诚心急售！有钥匙,265,21222元/m²,3室2厅,124m²,中层(共33层),近地铁配套成熟环境优美
急售!江东壹号，房东包税，包租4千，送精装修，送车位,33.5,8171元/m²,2室2厅,41m²,中层(共15层),南北通透环境优美
急售！海天城东边套 30万精装修 房东诚意 小区中心位置,263,19526元/m²,3室2厅,134m²,低层(共29层),近地铁环境优美品质小区
品质小区丨精装送家电丨红本无税丨配套成熟丨首付三成丨看房方便,85,11440元/m²,3室2厅,74m²,中层(共11层),配套成熟交通便利品质小区
急急急！独立产证 交通便利 无需社保 精装修 送车位 近地铁,48,9600元/m²,2室2厅,50m²,低层(共16层),
火爆。宋都东郡国际。边套带车位。100方地下室。带花园。急售,265.8,21105元/m²,2室2厅,125m²,低层(共19层),素质住户繁华地段品质小区
金沙湖板块 早城自住精装大三房 全明户型 诚心出售 配套齐全,400,32100元/m²,3室2厅,124m²,高层(共18层),近地铁近学校交通便利
大学城北东郡国际 89方大三房 刚需户型 房东诚售 欢迎看房,230,25992元/m²,3室2厅,88m²,中层(共34层),主卧朝南客厅朝南两房朝南
世茂江滨 近地铁  纯边套 世茂少有好户型 大三房 楼层好,230,25584元/m²,3室2厅,89m²,中层(共33层),近地铁房型正视野好
A2户型 东裕华庭 房东急售 白菜价 南北通透 楼层也很好,112,12475元/m²,3室2厅,89m²,中层(共32层),素质住户安全性高品质小区
江语海 西边套 精装自住 一线江景 文海教育 看中可谈,315,38265元/m²,3室2厅,82m²,中层(共33层),近地铁交通便利品质小区
星野花苑四区，首付15万即可签约过户，精装送浙A车牌，可上学,89.8,14721元/m²,3室2厅,61m²,高层(共16层),南北通透近地铁繁华地段
金沙湖旁 天街对面 精装跃层5米层高 一线湖景 一览无遗,89,20746元/m²,2室1厅,42m²,低层(共19层),近地铁南北通透安全性高
端午节新挂房源 晨光国际 复式 全新精装 看房有钥匙,288.8,32559元/m²,3室2厅,88m²,中层(共42层),近地铁南北通透
碧桂园 新精装修 纯东边套 诚心出售,223,25020元/m²,3室2厅,89m²,低层(共32层),南北通透
世茂地铁口户型! 一线精装江景边套! 置换急卖!送23平方!,180,20170元/m²,3室2厅,89m²,低层(共33层),近地铁南北通透配套成熟
大江东浪琴湾7号线地铁口零 89方送28方 送车位,205,23010元/m²,3室2厅,89m²,低层(共24层),
首付20万，外地人可买，可落户上学，送精装，款到七天即可过户,78,10400元/m²,3室2厅,75m²,中层(共11层),南北通透繁华地段品质小区
楼层好，采光足，配套成熟，业主诚心卖,249,23204元/m²,3室2厅,107m²,中层(共32层),近地铁南北通透
海天城精装2室2阳台，西临物美云水站，东有新发现，钱塘江,290,25739元/m²,3室2厅,112m²,低层(共30层),近地铁远离马路中国风
（新）全新小区东郡之星从未入住过 楼间距超广 诚心出售 东边,198,22240元/m²,3室2厅,89m²,低层(共33层),南北通透
临江佳苑 71方 带自行车卫 满两年 85万 房东诚心在 售,85,12021元/m²,2室2厅,70m²,低层(共6层),安全性高繁华地段品质小区
钱塘新区大江东双地铁宋都丽郡三房朝南,300,22727元/m²,3室1厅,132m²,低层(共18层),新房房源交通便利繁华地段
观澜朗轩！精装三房！纯边套南北通！房子装修看起来特别舒适急卖,223,25381元/m²,3室2厅,87m²,高层(共29层),南北通透交通便利素质住户
观澜时代独栋别墅！身份的象征！独立花园可钓鱼！安静舒适近自然,1000,33445元/m²,5室2厅,299m²,共1层,南北通透繁华地段品质小区
送车位 3房格局 一线江景房 精装修 楼层好 采光通风无影响,212,23995元/m²,3室2厅,88m²,低层(共42层),景观房送家电送车位
"70年产权住宅房,送产权车位,南北通透,交通便利,外地人可买",84,9882元/m²,3室2厅,85m²,中层(共15层),配套成熟安全性高低密度
保利湾天地  精装修 四房带两阳台和一个储物间 朝南一线江景,175,13268元/m²,4室2厅,131m²,中层(共17层),三房朝南南北通透跃层式
买房送车位，首付16万，无需社保，送精装，房东包税，总价可谈,81,10253元/m²,3室2厅,79m²,高层(共16层),南北通透近地铁繁华地段
新上房源 晨光国际 纯边套 三房两卫 精装修 拎包入住！,220,24655元/m²,3室2厅,89m²,低层(共33层),近地铁南北通透拎包入住
哇塞！房东让利30万任性急售，转可落户无需社保，精装修学區房,74,9367元/m²,3室2厅,79m²,中层(共13层),拎包入住配套成熟品质小区
保利别墅沿河的豪装，带3个车位近出口，底上车位，400万装修,930,40435元/m²,5室2厅,230m²,共4层,环境优美次新小区交通便利
河庄地铁口，大江之星，品质楼盘，165万，房东诚售,165,20370元/m²,2室2厅,81m²,低层(共24层),
多蓝水岸 多层住宅 全新精装修没住过 得房率高 南北通透,200,21508元/m²,2室2厅,92m²,低层(共6层),近地铁南北通透品质小区
房东直降11万 急需用钱 品质物业 地 铁旁边房子 看房方便,228,29511元/m²,2室2厅,77m²,高层(共13层),近地铁繁华地段品质小区
江东府 萧山主城区精装大三房 首付仅需2成 地铁旁 绿城物业,130,16041元/m²,3室2厅,81m²,高层(共22层),近地铁配套成熟品质小区
海天城小区，小高层得房率高，纯毛坯，122方大三房，中高楼层,260,21339元/m²,3室2厅,121m²,高层(共18层),近地铁景观房交通便利
钱塘新区星悦湾 精装修 86方送45方跃层满2年,210,24373元/m²,3室2厅,86m²,高层(共15层),
保利湾天地  精装修 两房朝南 复式结构 朝南一线江景,90,18987元/m²,2室2厅,47m²,中层(共17层),景观房跃层式品质小区
（新上）东郡之星 3房2天2卫  随时看房 纯东边套,203,22732元/m²,3室2厅,89m²,高层(共31层),南北通透
业主换新房 议价空间很大 海天城三房 中间楼层 不靠马路,275,24351元/m²,3室2厅,112m²,高层(共28层),近地铁南北通透
急售！！地铁1号线口，精装复式，包租5千，投姿手选，自带车位,46,9787元/m²,2室2厅,47m²,中层(共16层),近地铁配套成熟繁华地段
6月10号新增房源，考虑子女读书的家长看过来，就读文海,200,31090元/m²,3室2厅,64m²,高层(共9层),近地铁配套成熟品质小区
首付10万买地铁二房，红本70年商品房，外地户口可买,50,7428元/m²,2室2厅,67m²,低层(共16层),近地铁配套成熟环境优美
70年住宅产权丨精装三房送车位丨可落户上学丨南北通透交通便利,150,17186元/m²,3室2厅,87m²,中层(共20层),南北通透配套成熟品质小区
东郡国际 中间套好户型，得房率高，精装3房，业主诚心出售,210,23804元/m²,3室2厅,88m²,低层(共33层),靠近花园中国风品质小区
世茂峻景湾 精装修东边套 楼层好采光好 拎包入住 房东诚心,210,23527元/m²,3室2厅,89m²,低层(共29层),近地铁安全性高繁华地段
钱塘新区盛都苑135方简装送20方露台加储藏室免190万,190,14044元/m²,3室2厅,135m²,中层(共6层),两房朝南南北通透赠露台
衙前地铁口（万诚凰庭） 衙前镇府旁 学校可用 房东急卖！,135,15109元/m²,3室2厅,89m²,高层(共16层),采光好近地铁配套成熟
89方中间户型 195万 包车位 地铁口 宋都丽郡,195,21910元/m²,3室2厅,89m²,中层(共18层),近地铁配套成熟品质小区
房东降价急售 首付只需90万 温馨自住 还你一个家的感觉,299,21240元/m²,3室2厅,140m²,低层(共11层),近地铁
和达城 地铁口精装修三房 中间楼层 物美板块配套好 随时看房,295,33955元/m²,3室2厅,86m²,中层(共33层),近地铁配套成熟品质小区
（T资自住必选房源）无需社保 诚意包税，赠送15平米，急售！,79,8681元/m²,3室2厅,91m²,高层(共24层),近地铁配套成熟繁华地段
纯东边套3房 带露台 南北通透 双阳台 采光好 户型格局好,200,22411元/m²,3室2厅,89m²,低层(共33层),近地铁
梦琴湾佳苑 大三房 我这边有钥匙 随时看房 价格我来谈,250,17879元/m²,3室2厅,139m²,低层(共30层),近地铁配套成熟繁华地段
世茂江滨花园瑞景湾 看房有钥匙 房东诚心卖 价格可谈 大三房,310,23435元/m²,3室2厅,132m²,低层(共33层),近地铁南北通透
东海未名园，地铁口50米，边套大三房， 清爽装修， 文海教育,288,23533元/m²,3室2厅,122m²,中层(共9层),近地铁近学校南北通透
宝龙城市广场 全新装修 周边配套一条龙 急售 好谈 随时联系,67,15227元/m²,2室1厅,44m²,中层(共15层),近地铁配套成熟品质小区
标题,价格,均价,房子大小,总面积,楼层,优点
观澜时代独栋别墅！身份的象征！独立花园可钓鱼！安静舒适近自然,1000,33445元/m²,5室2厅,299m²,共1层,南北通透繁华地段品质小区
送车位 3房格局 一线江景房 精装修 楼层好 采光通风无影响,212,23995元/m²,3室2厅,88m²,低层(共42层),景观房送家电送车位
"70年产权住宅房,送产权车位,南北通透,交通便利,外地人可买",84,9882元/m²,3室2厅,85m²,中层(共15层),配套成熟安全性高低密度
保利湾天地  精装修 四房带两阳台和一个储物间 朝南一线江景,175,13268元/m²,4室2厅,131m²,中层(共17层),三房朝南南北通透跃层式
买房送车位，首付16万，无需社保，送精装，房东包税，总价可谈,81,10253元/m²,3室2厅,79m²,高层(共16层),南北通透近地铁繁华地段
新上房源 晨光国际 纯边套 三房两卫 精装修 拎包入住！,220,24655元/m²,3室2厅,89m²,低层(共33层),近地铁南北通透拎包入住
哇塞！房东让利30万任性急售，转可落户无需社保，精装修学區房,74,9367元/m²,3室2厅,79m²,中层(共13层),拎包入住配套成熟品质小区
保利别墅沿河的豪装，带3个车位近出口，底上车位，400万装修,930,40435元/m²,5室2厅,230m²,共4层,环境优美次新小区交通便利
河庄地铁口，大江之星，品质楼盘，165万，房东诚售,165,20370元/m²,2室2厅,81m²,低层(共24层),
多蓝水岸 多层住宅 全新精装修没住过 得房率高 南北通透,200,21508元/m²,2室2厅,92m²,低层(共6层),近地铁南北通透品质小区
房东直降11万 急需用钱 品质物业 地 铁旁边房子 看房方便,228,29511元/m²,2室2厅,77m²,高层(共13层),近地铁繁华地段品质小区
江东府 萧山主城区精装大三房 首付仅需2成 地铁旁 绿城物业,130,16041元/m²,3室2厅,81m²,高层(共22层),近地铁配套成熟品质小区
海天城小区，小高层得房率高，纯毛坯，122方大三房，中高楼层,260,21339元/m²,3室2厅,121m²,高层(共18层),近地铁景观房交通便利
钱塘新区星悦湾 精装修 86方送45方跃层满2年,210,24373元/m²,3室2厅,86m²,高层(共15层),
保利湾天地  精装修 两房朝南 复式结构 朝南一线江景,90,18987元/m²,2室2厅,47m²,中层(共17层),景观房跃层式品质小区
衙前镇政府旁 两房户型  楼层好 视野佳 小区性价比高,135,15203元/m²,2室2厅,88m²,高层(共16层),安全性高繁华地段品质小区
（新上）东郡之星 3房2天2卫  随时看房 纯东边套,203,22732元/m²,3室2厅,89m²,高层(共31层),南北通透
业主换新房 议价空间很大 海天城三房 中间楼层 不靠马路,275,24351元/m²,3室2厅,112m²,高层(共28层),近地铁南北通透
急售！！地铁1号线口，精装复式，包租5千，投姿手选，自带车位,46,9787元/m²,2室2厅,47m²,中层(共16层),近地铁配套成熟繁华地段
6月10号新增房源，考虑子女读书的家长看过来，就读文海,200,31090元/m²,3室2厅,64m²,高层(共9层),近地铁配套成熟品质小区
首付10万买地铁二房，红本70年商品房，外地户口可买,50,7428元/m²,2室2厅,67m²,低层(共16层),近地铁配套成熟环境优美
70年住宅产权丨精装三房送车位丨可落户上学丨南北通透交通便利,150,17186元/m²,3室2厅,87m²,中层(共20层),南北通透配套成熟品质小区
东郡国际 中间套好户型，得房率高，精装3房，业主诚心出售,210,23804元/m²,3室2厅,88m²,低层(共33层),靠近花园中国风品质小区
世茂峻景湾 精装修东边套 楼层好采光好 拎包入住 房东诚心,210,23527元/m²,3室2厅,89m²,低层(共29层),近地铁安全性高繁华地段
钱塘新区盛都苑135方简装送20方露台加储藏室免190万,190,14044元/m²,3室2厅,135m²,中层(共6层),两房朝南南北通透赠露台
衙前地铁口（万诚凰庭） 衙前镇府旁 学校可用 房东急卖！,135,15109元/m²,3室2厅,89m²,高层(共16层),采光好近地铁配套成熟
保利东湾经典三房户型 赠送多得房高 此价位同户型就只一套简装,230,25228元/m²,3室2厅,91m²,高层(共34层),
89方中间户型 195万 包车位 地铁口 宋都丽郡,195,21910元/m²,3室2厅,89m²,中层(共18层),近地铁配套成熟品质小区
房东降价急售 首付只需90万 温馨自住 还你一个家的感觉,299,21240元/m²,3室2厅,140m²,低层(共11层),近地铁
海天城  配套齐全  交通便利  诚心出售  随时看房,325,24129元/m²,3室2厅,134m²,低层(共29层),近地铁
和达城 地铁口精装修三房 中间楼层 物美板块配套好 随时看房,295,33955元/m²,3室2厅,86m²,中层(共33层),近地铁配套成熟品质小区
（T资自住必选房源）无需社保 诚意包税，赠送15平米，急售！,79,8681元/m²,3室2厅,91m²,高层(共24层),近地铁配套成熟繁华地段
纯东边套3房 带露台 南北通透 双阳台 采光好 户型格局好,200,22411元/m²,3室2厅,89m²,低层(共33层),近地铁
梦琴湾佳苑 大三房 我这边有钥匙 随时看房 价格我来谈,250,17879元/m²,3室2厅,139m²,低层(共30层),近地铁配套成熟繁华地段
世茂江滨花园瑞景湾 看房有钥匙 房东诚心卖 价格可谈 大三房,310,23435元/m²,3室2厅,132m²,低层(共33层),近地铁南北通透
东海未名园，地铁口50米，边套大三房， 清爽装修， 文海教育,288,23533元/m²,3室2厅,122m²,中层(共9层),近地铁近学校南北通透
宋都晨光国际 精装修 跃层带车位 得房率高 三房两卫,293,32836元/m²,3室2厅,89m²,中层(共32层),近地铁繁华地段品质小区
宋都东郡国际。精装修大三房。两房朝南。南北通透。拎包即可入住,212.8,24457元/m²,3室2厅,87m²,高层(共33层),安全性高繁华地段品质小区
晨光国际地铁0距 离 送40万精装 纯边套 拎包入住价格可谈,298,21872元/m²,3室2厅,136m²,低层(共42层),近地铁南北通透拎包入住
保利东湾 多个大阳台 豪华 洋气 跃层好友 可随时来电看房,325,29059元/m²,3室2厅,111m²,低层(共34层),近地铁配套成熟品质小区
义蓬街道宋都丽郡有房出售，毛坯房，价格优，房东诚心卖,175,19663元/m²,3室2厅,89m²,中层(共18层),近地铁环境优美交通便利
东岸嘉园  两房朝南户型  采光好 位置好 总价低 房东诚售,150,25312元/m²,2室1厅,59m²,低层(共15层),近地铁
一楼带花园！！刚刚业主委托！70年产权住宅 南北通透配套成熟,110,12291元/m²,3室2厅,89m²,低层(共18层),南北通透配套成熟环境优美
宋都丽郡国际边套送车位,280,21212元/m²,3室2厅,132m²,中层(共17层),
梦琴湾 学正教育 精装修带车位 三房两万 首付86万 价可谈,289,23205元/m²,3室2厅,124m²,中层(共33层),近地铁配套成熟次新小区
包租3500！金沙湖地铁口 首付12万 独立产权 精装公寓,42,11351元/m²,2室2厅,37m²,高层(共16层),近地铁拎包入住繁华地段
投姿手选 钱塘新区 包租4千 在建地铁口 精装住宅 价格可谈,35,8750元/m²,2室2厅,40m²,低层(共15层),南北通透配套成熟品质小区
瓜沥（万诚凰庭）次新小区，房东诚心售，看房方便,125,14307元/m²,2室2厅,87m²,低层(共14层),近地铁配套成熟次新小区
万诚凰庭 全明东边套 正气3房 交通便利 阳光充足,140,15868元/m²,3室2厅,88m²,高层(共16层),
大江东 双第地铁线 送23方 3房2厅 全明户型 送私家花园,150,18250元/m²,3室2厅,82m²,低层(共18层),近地铁配套成熟交通便利
东郡之星 89方 三房 两卫 边套户型扩展26方 首付54万,183.2,20515元/m²,3室2厅,89m²,低层(共33层),配套成熟环境优美次新小区
和达城 1房1厅 精装经典跃层 拎包入住 环境优美 文泽地口,82,18594元/m²,3室1厅,44m²,低层(共30层),近地铁配套成熟品质小区
新沙家园刚出好房精装修，可拎包入住。,240,27326元/m²,2室1厅,87m²,中层(共14层),近地铁拎包入住配套成熟
"保利城市果岭,大三房,三个阳台双卫生间,户型正气,精装修",235,26251元/m²,3室2厅,89m²,中层(共27层),南北通透配套成熟交通便利
首付20w店长力荐房源没社保的看过来可补交内部渠道欢迎咨询！,80,9524元/m²,3室2厅,84m²,高层(共11层),配套成熟繁华地段品质小区
宝龙城市广场 全新装修 周边配套一条龙 急售 好谈 随时联系,67,15227元/m²,2室1厅,44m²,中层(共15层),近地铁配套成熟品质小区
香榭里花园 老物美旁边.文海读书 精装修 大四房 改善户型,460,26929元/m²,4室2厅,170m²,低层(共18层),近地铁近学校南北通透
一步钱江，精心装修，拎包入住，配套齐全，户型正气，环境优美,235,26614元/m²,3室2厅,88m²,高层(共29层),安全性高繁华地段品质小区
！首付仅需15万，买一套得两套，精装修公寓，拎包入住,49,10652元/m²,2室2厅,46m²,中层(共16层),近地铁配套成熟繁华地段
中豪七格新出好房 户型方正采光佳 精装 性价比极高,90,20455元/m²,3室1厅,44m²,中层(共23层),配套成熟繁华地段品质小区
标题,价格,均价,房子大小,总面积,楼层,优点
！首付仅需15万，买一套得两套，精装修公寓，拎包入住,49,10652元/m²,2室2厅,46m²,中层(共16层),近地铁配套成熟繁华地段
兔税首付18万精装房，无需社保，来电减五万，房主送车位送家电,69,8903元/m²,2室2厅,77m²,低层(共13层),配套成熟繁华地段品质小区
精装修 边套 大四房 多房朝南 采光好 南北通透 诚心卖,270,21260元/m²,4室2厅,127m²,低层(共34层),双阳台房型正配套成熟
人性化设计 75平温馨三房 正常过户 70年产权住宅 送精装,100,13333元/m²,3室1厅,75m²,高层(共11层),南北通透近地铁配套成熟
首付15万！房东包税！外地人可买！可落户上学！精装修送车位！,76,12667元/m²,3室2厅,60m²,高层(共10层),南北通透近地铁品质小区
哇！！！新出大三房，客厅带阳台 房东自住保养的很好 诚心出售,192,21998元/m²,3室2厅,87m²,中层(共18层),环境优美交通便利品质小区
铭和苑 全明采光全通透户型 楼层棒 诚意稳定出售,330,26211元/m²,3室2厅,125m²,中层(共11层),近地铁
急售！豪装直降20万，70年产权住宅房，送家具家电，带车位。,96,12670元/m²,3室2厅,75m²,中层(共11层),环境优美繁华地段品质小区
万诚凰庭|轻轨站|地铁旁|3房2厅|刚需户型|诚心置换,138,15352元/m²,3室2厅,89m²,低层(共18层),近地铁配套成熟交通便利
保利央企，精装修大三房，带三个大阳台，附赠面积多，房东诚售,258,28820元/m²,3室2厅,89m²,中层(共27层),两房朝南拎包入住品质小区
观澜时代 边套 刚需两房 清爽装修 房东急卖 看房随时有钥匙,185,21589元/m²,2室2厅,85m²,低层(共33层),南北通透
清雅苑 大三房 户型方正 电梯房 看房方便,298,22748元/m²,3室2厅,131m²,低层(共17层),近地铁近学校
"东郡国际 刚需三房 简装的出租装修 房东价格急降20万,急卖",230,26214元/m²,3室2厅,87m²,低层(共33层),南北通透拎包入住
海天城  房东自住精装 干净清爽 两房朝南 温馨舒适,295,23664元/m²,3室2厅,124m²,高层(共16层),近地铁赠露台带车库
保利东湾！精装修40万！纯边套大三房！带双弧形大阳台！,300,28607元/m²,3室2厅,104m²,低层(共34层),两房朝南南北通透交通便利
西边套东厨西卫，两房朝南，房源不多，已成交两套，月初交房速度,140,15592元/m²,3室2厅,89m²,低层(共15层),两房朝南近地铁次新小区
真! 实！观澜瀚庭  总面积实际占160方 接送小孩上学方便,350,25375元/m²,4室2厅,137m²,低层(共11层),独立电梯采光好繁华地段
天筑6幢纯边套！偶数层 主卧餐厅带弧形大阳台，无税 价格可谈,415,20409元/m²,3室2厅,203m²,高层(共38层),景观房视野好品质小区
德信早城 精装大四房 双阳台  楼层舒适  视野开阔,510,40928元/m²,3室2厅,124m²,高层(共18层),近地铁近学校南北通透
一线江景房 周边医院 学校 市场,245,27322元/m²,3室1厅,89m²,中层(共32层),近地铁繁华地段品质小区
地铁口公寓，挑高5.8米，送阳台，带租约，租金五千，以租养贷,37,11212元/m²,2室1厅,33m²,中层(共12层),近地铁配套成熟品质小区
首付12万，价可谈，精装修送家电，送地下车位，买房即可上学。,55,9167元/m²,3室2厅,60m²,高层(共10层),南北通透近地铁品质小区
东盛家园 金沙湖 便宜 精装四房南北通三房朝南,280,23335元/m²,4室2厅,119m²,高层(共16层),客厅朝南三房朝南南北通透
包租十年|租金5千|首付15W|无需社保|送精装|可落户上学,68.7,12491元/m²,3室2厅,55m²,高层(共16层),南北通透近地铁繁华地段
海天城 地铁口 首付只需64万 主卧次卧带超大阳台 房东诚售,211.7,22020元/m²,3室1厅,96m²,高层(共15层),近地铁
大户型 低总价 送大露台 房东直降8万 诚心急卖看房有钥匙！,358,29702元/m²,3室2厅,120m²,中层(共26层),近地铁繁华地段品质小区
朗诗国际街区东园 精装修江景三房 恒温小区  小区环境好,430,24382元/m²,4室2厅,176m²,低层(共32层),近地铁
钱塘新区政府旁边地铁口次新房琅琴湾新出好房 满两年急售,200,22732元/m²,3室2厅,87m²,低层(共22层),
中豪七格  精装修跃层公寓 两室一厅一卫 业主置换诚心出售,85,20433元/m²,3室1厅,41m²,中层(共23层),配套成熟交通便利品质小区
"清雅苑大三房两卫双阳台,户型正气,纯边套,诚心出售,文海读书",275,20538元/m²,3室2厅,133m²,中层(共6层),近地铁近学校南北通透
钱塘新区 地铁口附近 装修好出租中 房东诚心 款到签字,188,22758元/m²,3室2厅,82m²,中层(共18层),近地铁配套成熟次新小区
首付100000起，地铁口500米，房东包税，好房子不容错过,70,10000元/m²,3室2厅,70m²,中层(共22层),近地铁配套成熟品质小区
保利东湾 央企保证品牌物业 纯东边套南北通透 户型好 随时看,195,22393元/m²,3室2厅,87m²,高层(共33层),南北通透
保利东湾 新降价房源 纯毛坯新房 价格好谈,250,24148元/m²,3室2厅,103m²,高层(共35层),客厅朝南近地铁素质住户
全杭一手代理。下沙一线江景大宅，侨福一品，大学城北自带综合体,182,20404元/m²,3室2厅,89m²,中层(共6层),南北通透近地铁配套成熟
无需社保，房东诚心出售，送精装修，家电家具，近地铁口，价可谈,98.8,10980元/m²,3室2厅,90m²,中层(共15层),近地铁配套成熟繁华地段
文海房 一线江景 江语海三房两卫 诚售 看房我有钥匙,300,33587元/m²,3室2厅,89m²,低层(共34层),近地铁南北通透
首付3成可按揭|外地人可买|可立马过户|南北通透|70年产权,60,9202元/m²,2室2厅,65m²,高层(共17层),南北通透繁华地段品质小区
金沙湖壹号 跃层诚心出售，空间大，价格实惠,160,20688元/m²,3室2厅,77m²,高层(共19层),近地铁繁华地段品质小区
东郡国际 精装30万 纯边套好楼层 南北通透 房东诚售随时看,225,25470元/m²,3室2厅,88m²,高层(共33层),配套成熟交通便利品质小区
地铁口 精装修 大四房 拎包入住 房东装修保养很好 诚心出售,280,20847元/m²,4室2厅,134m²,低层(共34层),近地铁繁华地段品质小区
"湖左岸,精装跃层,实际使用面积大，大三房两卫,随时看房,诚售",309,34571元/m²,3室2厅,89m²,低层(共23层),近地铁南北通透
东郡边套三房两卫！刚需首 选！车位！学 区好！25平！,199,22178元/m²,3室2厅,89m²,高层(共34层),繁华地段品质小区低密度
江东二路地铁口 琅琴湾89加28 3房2卫 包车位185！,180,20011元/m²,3室2厅,89m²,高层(共25层),
瓯江大厦豪华LOFT，房东公司倒闭，价可谈，首付8万可贷款急,50.6,10766元/m²,1室2厅,47m²,中层(共15层),复式房近地铁配套成熟
下沙一手在售现房地铁口精装跃层公寓 总价低可做三房无税随时看,90,21429元/m²,3室2厅,42m²,高层(共16层),近地铁配套成熟素质住户
学正学曲 教育品质高 房东工作调动 低于是价30万,260,20646元/m²,3室2厅,125m²,低层(共33层),近地铁繁华地段品质小区
（新上）东郡之星 3房2厅2卫 西边套 南北通透 毛坯房,198,22172元/m²,3室2厅,89m²,中层(共25层),南北通透
海天城 精装大三房 家电家具全赠送 靠近地铁云水站D出口,330,24710元/m²,3室2厅,133m²,中层(共16层),近地铁两房朝南拎包入住
梦琴湾 精装修 三房两厅两卫 双阳台 配套成熟 房东诚心出售,280,22483元/m²,3室2厅,124m²,高层(共28层),近地铁南北通透
金沙湖 德信早城 大三房 送30方大露台 低于市场50万,290,30408元/m²,3室2厅,95m²,高层(共22层),近地铁近学校次新小区
"北银公寓,文海读书,房东诚售,配套齐全,70年住宅可",290,20069元/m²,3室2厅,144m²,中层(共18层),近地铁南北通透
满五年  中间楼层 ，无任何遮挡，采光足，简装可拆，看房方便,285,22824元/m²,3室2厅,124m²,中层(共33层),近地铁两房朝南南北通透
多蓝水岸小区。三方两卫精装修，拎包入住，采光好，醉实惠一套,270,19993元/m²,3室2厅,135m²,低层(共11层),近地铁南北通透位置安静
东裕华庭89方A1户型 毛坯  中上楼层  双阳台105万,105,11812元/m²,3室2厅,88m²,中层(共33层),三房朝南一梯两户品质小区
铭都雅苑 新出好房 两房朝南带阳台,235,40137元/m²,2室2厅,58m²,低层(共18层),近地铁
衙前（万诚凰庭） 西边套  大三房  楼层中上  看房随时,140,15669元/m²,3室2厅,89m²,中层(共16层),
和达城 3房2厅 毛坯 楼层好 价格可谈 环境优美 文泽地口,320,28249元/m²,3室2厅,113m²,高层(共16层),三房朝南南北通透卫浴全明
中豪七格 精装跃层公寓 没有住过人 做了三房，室内很清爽,95,21591元/m²,3室1厅,44m²,中层(共23层),南北通透
保利东湾！品质小区！一线江景房！南北通透，楼层超好！,245,26835元/m²,3室2厅,91m²,中层(共34层),南北通透繁华地段品质小区
标题,价格,均价,房子大小,总面积,楼层,优点
珍藏排屋别墅，卖一套少一套，有兴趣的请联系我小胡,898,35285元/m²,7室3厅,254m²,共4层,
中豪七格 精装跃层公寓 没有住过人 做了三房，室内很清爽,95,21591元/m²,3室1厅,44m²,中层(共23层),南北通透
铭和苑新上田园风精装好房，新装一年不到，业主置换，只卖毛坯价,185,21264元/m²,2室2厅,87m²,高层(共16层),近地铁配套成熟次新小区
保利东湾  户型方正  位置好  房东诚心出售,212,23253元/m²,3室2厅,91m²,高层(共34层),
保利东湾 城市里的乡村别墅，你值得拥有,800,33693元/m²,5室2厅,237m²,共1层,
梦琴湾佳苑 ，107大三房，南北通透，户型全明，一线江景。,245,22831元/m²,3室2厅,107m²,高层(共32层),近地铁安全性高繁华地段
多蓝水岸学正教育！50平大露台!车位！50万豪装！,328,23300元/m²,3室2厅,140m²,低层(共11层),近地铁配套成熟环境优美
70年产权住宅！品质小区！南北通透！配套完善！交通便利精装修,72,10286元/m²,3室1厅,70m²,中层(共15层),配套成熟次新小区交通便利
海天城东边套3室2厅2卫 配套齐全 纯毛坯 随时看房 急卖,328,23614元/m²,3室2厅,138m²,高层(共28层),近地铁南北通透
"急售，急售，惊爆价,希缺复式,个性十足,仅售两天，拎包入住",45,11768元/m²,2室2厅,38m²,高层(共15层),近地铁配套成熟交通便利
猛龙总冠 军！业主急降30万 送30万精装  全明户型,198,22457元/m²,3室2厅,88m²,中层(共32层),近地铁配套成熟环境优美
高教园区，精装公寓，复式6米，近地铁，独立产证，通燃气送车位,39.4,13133元/m²,2室2厅,30m²,中层(共12层),南北通透配套成熟品质小区
东盛家园 精装大三房，东边套业主诚心出售 彩光好,285,23752元/m²,4室2厅,119m²,高层(共16层),安全性高繁华地段品质小区
世茂江滨花园！三房朝南！近地铁！绿城物业！看房方便！！,300,22250元/m²,3室2厅,134m²,低层(共33层),近地铁三房朝南采光好
世茂精装3房地铁口户型实用全明阳台灵动时尚可议价,209,23661元/m²,3室2厅,88m²,中层(共33层),近地铁南北通透
下沙景观房  刚需三房  品质小区  房东诚售 看房方便,315,35298元/m²,3室2厅,89m²,低层(共18层),近地铁繁华地段品质小区
琅琴湾89送28方 包车位200万 采光好 无遮挡 诚心出售,200,23240元/m²,3室2厅,86m²,高层(共32层),独立电梯近地铁繁华地段
观澜瀚庭 书香名院 送百方露台 精装50万 温馨大四房 诚售,330,23925元/m²,4室2厅,137m²,低层(共11层),南北通透景观房品质小区
真实房子!全景落地窗边套大三房，地铁口50米，看房有钥匙,270,22823元/m²,3室2厅,118m²,中层(共6层),近地铁近学校配套成熟
保利东湾，东边套三房两厅两卫，中间楼层正对小区花园，诚心出售,275,26562元/m²,3室2厅,103m²,中层(共33层),南北通透近地铁配套成熟
次新房 双地铁口 闹中取静 房东急卖 低于同小区15万有钥匙,245,21556元/m²,3室2厅,113m²,高层(共14层),近地铁安全性高品质小区
地铁口现房 毛坯 3房2厅 采光好 通透户型 有车位 可按揭,150,16854元/m²,3室2厅,89m²,中层(共18层),近地铁配套成熟交通便利
新上房源 观澜时代三房纯毛坯车位有钥匙看房方便楼层视野好,220.5,24828元/m²,3室2厅,88m²,高层(共33层),南北通透拎包入住
湖景居 | 房东急卖3天 | 价格你说了算！,330,37029元/m²,3室2厅,89m²,低层(共18层),近地铁配套成熟繁华地段
传媒学校旁  全明户型 低总价 刚需直选 房东急卖 价格可议,145,25646元/m²,2室1厅,56m²,高层(共15层),近地铁小户型近入口
新上房源 全新精装修40万 带车位 业主诚心 价格可谈,310,34949元/m²,3室2厅,88m²,中层(共42层),近地铁配套成熟品质小区
金沙阳光！！新上秒杀房源急卖3天,230,25635元/m²,3室2厅,89m²,高层(共28层),近地铁配套成熟素质住户
东裕华庭 112万诚心出售  3房户型  附近配套齐全,112,12548元/m²,3室2厅,89m²,高层(共32层),三房朝南配套成熟繁华地段
地铁口 精装修 边套三房 装修50万 拎包入住 诚心出售,250,27933元/m²,3室2厅,89m²,高层(共31层),近地铁繁华地段品质小区
保利东湾！品质小区！一线江景房！南北通透，楼层超好！,245,26835元/m²,3室2厅,91m²,中层(共34层),南北通透繁华地段品质小区
实拍一线江景房！大面积！零.首付！有独立产证！无税带精装！,67.7,9950元/m²,3室2厅,68m²,中层(共12层),南北通透配套成熟品质小区
观澜时代国际花园 送15万装修 可拎包入住 房东准备置换诚售,185,21085元/m²,3室2厅,87m²,低层(共18层),南北通透拎包入住
小区专家推介小区楼皇，可入学，证齐全，在卖全有，万诚凰庭,122,13572元/m²,3室2厅,89m²,中层(共14层),近地铁配套成熟交通便利
晨光国际！地铁口跃层！精装60万！便宜30万出售！,269,31239元/m²,3室2厅,86m²,中层(共31层),近地铁交通便利繁华地段
保利东湾 热门户型标准三房两厅客厅带阳台 看房有钥匙,208,22815元/m²,3室2厅,91m²,高层(共34层),采光好房型正交通便利
大江东中心 下沙10分种 紧临地铁 双阳卫 89方送22方,190,21348元/m²,3室2厅,89m²,中层(共18层),近地铁配套成熟交通便利
保利湾天地 房东全新精装自住 南北通 70年随时看房一线江景,73,10735元/m²,3室2厅,68m²,中层(共16层),近地铁次新小区交通便利
观澜时代瀚庭精装三房 一线江景 南北通透视野开阔 采光很巴适,180,20268元/m²,3室2厅,88m²,低层(共31层),南北通透景观房拎包入住
房东急卖宝龙天街旁 宋都丽郡园 真的包车位200万随时签约,188,21124元/m²,3室2厅,89m²,中层(共18层),
伊萨卡纯东边套！小区中心位置！多房朝南！房东急售！,300,22336元/m²,4室2厅,134m²,低层(共34层),近地铁配套成熟品质小区
伊萨卡国际城 出门50米地铁口 房东自住精装修 保养特别好,328.4,27904元/m²,3室2厅,117m²,中层(共34层),
产证清晰 价格可谈 可以办理落户 可上学 赠送家电家具 急售,27,9000元/m²,2室2厅,30m²,中层(共12层),近地铁繁华地段品质小区
海天城小区，成熟小区，交通发达，环境好，自住率高，南北通透,285,22862元/m²,3室2厅,124m²,高层(共16层),近地铁交通便利素质住户
东郡国际 89方三房两厅 刚需户型 精装带车位 房东置换！,210,23585元/m²,3室2厅,89m²,高层(共33层),南北通透
钱塘新区义蓬购物中心江东壹号精装修公寓朝南,60,13043元/m²,1室1厅,46m²,中层(共15层),
东裕华庭A4户型115万 送车位 带精装修 采光好 南北通透,115,13092元/m²,3室2厅,87m²,高层(共33层),主卧朝南位置安静品质小区
户型超好，赠的面积多有跳空房间可以做跃层的价格低同户型15万,212,23376元/m²,3室2厅,90m²,高层(共33层),近地铁配套成熟品质小区
首付12万！月租5千！包租十年！地铁口三百米！精装修送车位！,72,12000元/m²,3室2厅,60m²,高层(共15层),近地铁配套成熟品质小区
晨光精装修经典跃层 实用面积大！房东诚心卖 家电全送!,265,30775元/m²,3室2厅,86m²,中层(共31层),近地铁主卧朝南客厅朝南
文海學區 一线江景 风景优美 美好人生从这里开始,300,35039元/m²,3室2厅,85m²,低层(共33层),近地铁交通便利素质住户
江语海 精装修30万 带阳台 着急卖 随时看房 好楼层,315,38265元/m²,3室2厅,82m²,中层(共33层),近地铁
地铁口现房 宋都丽郡 毛胚 三房两卫 价格实惠,210,23596元/m²,3室2厅,89m²,中层(共18层),新房房源
（无忧交易）首付2成，精装大3房，无需社保，包租3k以租养贷,75,8427元/m²,3室2厅,89m²,高层(共21层),近地铁配套成熟繁华地段
中外公寓 新出自住精装三房，南北通透，楼层采光好，诚心出售,360,40165元/m²,3室2厅,89m²,中层(共11层),近地铁安全性高繁华地段
野风海天城，野风物业，滨临学正，一线江景，采光无敌，房东诚心,300,22273元/m²,3室2厅,134m²,低层(共29层),近地铁南北通透拎包入住
保利城市果岭 大三房 双阳台双卫生间户型正气楼层好 江景房,228,25624元/m²,3室2厅,88m²,低层(共27层),南北通透
清雅苑装修醉好的一套，大三房，满五唯一，房东爽快人，诚心的来,265,20353元/m²,3室2厅,130m²,低层(共17层),近地铁近学校南北通透
景冉佳园 新上自住精装修 两房 看房方便,193,30461元/m²,2室2厅,63m²,低层(共28层),近地铁交通便利品质小区
多蓝水岸小区，学正学校附近，环境好。江景房，中高楼层，急卖,245,20846元/m²,3室2厅,117m²,中层(共11层),近地铁配套成熟环境优美
边套好房 自住精装修 两房朝南 看房方便 家具家电全送,208,22320元/m²,3室2厅,93m²,高层(共18层),
